"D_Gemeente";"D_Postnummer";"D_GemeenteNaam";"D_LandCode"
"1";"9420";"Aaigem";"BEL"
"2";"8511";"Aalbeke";"BEL"
"3";"9300";"Aalst";"BEL"
"4";"3800";"Aalst (Limb.)";"BEL"
"5";"9880";"Aalter";"BEL"
"6";"3200";"Aarschot";"BEL"
"7";"8700";"Aarsele";"BEL"
"8";"8211";"Aartrijke";"BEL"
"9";"2630";"Aartselaar";"BEL"
"10";"4557";"Ab?e";"BEL"
"11";"4280";"Abolens";"BEL"
"12";"3930";"Achel";"BEL"
"13";"5590";"Ach?ne";"BEL"
"14";"5362";"Achet";"BEL"
"15";"4219";"Acosse";"BEL"
"16";"6280";"Acoz";"BEL"
"17";"9991";"Adegem";"BEL"
"18";"8660";"Adinkerke";"BEL"
"19";"1790";"Affligem";"BEL"
"20";"9051";"Afsnee";"BEL"
"21";"5544";"Agimont";"BEL"
"22";"4317";"Aineffe";"BEL"
"23";"5310";"Aische-en-Refail";"BEL"
"24";"6250";"Aiseau";"BEL"
"25";"6250";"Aiseau-Presles";"BEL"
"26";"5070";"Aisemont";"BEL"
"27";"3570";"Alken";"BEL"
"28";"5550";"Alle";"BEL"
"29";"4432";"Alleur";"BEL"
"30";"1652";"Alsemberg";"BEL"
"31";"8690";"Alveringem";"BEL"
"32";"4540";"Amay";"BEL"
"33";"6680";"Amberloup";"BEL"
"34";"4770";"Ambl?ve";"BEL"
"35";"6953";"Ambly";"BEL"
"36";"4219";"Ambresin";"BEL"
"37";"4770";"Amel";"BEL"
"38";"6997";"Amonines";"BEL"
"39";"7750";"Amougies";"BEL"
"40";"4540";"Ampsin";"BEL"
"41";"5300";"Andenne";"BEL"
"42";"1070";"Anderlecht";"BEL"
"43";"6150";"Anderlues";"BEL"
"44";"4821";"Andrimont";"BEL"
"45";"4031";"Angleur";"BEL"
"46";"7387";"Angre";"BEL"
"47";"7387";"Angreau";"BEL"
"48";"5537";"Anh?e";"BEL"
"49";"6721";"Anlier";"BEL"
"50";"6890";"Anloy";"BEL"
"51";"5537";"Annevoie-Rouillon";"BEL"
"52";"4430";"Ans";"BEL"
"53";"5500";"Anseremme";"BEL"
"54";"7750";"Anseroeul";"BEL"
"55";"5520";"Anth?e";"BEL"
"56";"4520";"Antheit";"BEL"
"57";"4160";"Anthisnes";"BEL"
"58";"7640";"Antoing";"BEL"
"59";"2000";"Antwerpen";"BEL"
"60";"2018";"Antwerpen";"BEL"
"61";"2020";"Antwerpen";"BEL"
"62";"2030";"Antwerpen";"BEL"
"63";"2040";"Antwerpen";"BEL"
"64";"2050";"Antwerpen";"BEL"
"65";"2060";"Antwerpen";"BEL"
"66";"7910";"Anvaing";"BEL"
"67";"8570";"Anzegem";"BEL"
"68";"9200";"Appels";"BEL"
"69";"9400";"Appelterre-Eichem";"BEL"
"70";"7811";"Arbre (Ht.)";"BEL"
"71";"5170";"Arbre (Nam.)";"BEL"
"72";"4990";"Arbrefontaine";"BEL"
"73";"7910";"Arc-Aini?res";"BEL"
"74";"1390";"Archennes";"BEL"
"75";"7910";"Arc-Wattripont";"BEL"
"76";"8850";"Ardooie";"BEL"
"77";"2370";"Arendonk";"BEL"
"78";"4601";"Argenteau";"BEL"
"79";"6700";"Arlon";"BEL"
"80";"7181";"Arquennes";"BEL"
"81";"5060";"Arsimont";"BEL"
"82";"6870";"Arville";"BEL"
"83";"3665";"As";"BEL"
"84";"9404";"Aspelare";"BEL"
"85";"9890";"Asper";"BEL"
"86";"7040";"Asquillies";"BEL"
"87";"1007";"Ass. Commiss. Communau. fran?aise";"BEL"
"88";"1005";"Ass. R?un. Com. Communau. Commune";"BEL"
"89";"1730";"Asse";"BEL"
"90";"8310";"Assebroek";"BEL"
"91";"9960";"Assenede";"BEL"
"92";"6860";"Assenois";"BEL"
"93";"3460";"Assent";"BEL"
"94";"5330";"Assesse";"BEL"
"95";"9800";"Astene";"BEL"
"96";"7800";"Ath";"BEL"
"97";"7387";"Athis";"BEL"
"98";"6791";"Athus";"BEL"
"99";"3404";"Attenhoven";"BEL"
"100";"3384";"Attenrode";"BEL"
"101";"6717";"Attert";"BEL"
"102";"7941";"Attre";"BEL"
"103";"6790";"Aubange";"BEL"
"104";"7972";"Aubechies";"BEL"
"105";"4880";"Aubel";"BEL"
"106";"5660";"Aublain";"BEL"
"107";"6880";"Auby-sur-Semois";"BEL"
"108";"1160";"Auderghem";"BEL"
"109";"7382";"Audregnies";"BEL"
"110";"7040";"Aulnois";"BEL"
"111";"6706";"Autelbas";"BEL"
"112";"1367";"Autre-Eglise";"BEL"
"113";"7387";"Autreppe";"BEL"
"114";"5060";"Auvelais";"BEL"
"115";"5580";"Ave-et-Auffe";"BEL"
"116";"8630";"Avekapelle";"BEL"
"117";"8580";"Avelgem";"BEL"
"118";"4260";"Avennes";"BEL"
"119";"3271";"Averbode";"BEL"
"120";"4280";"Avernas-le-Bauduin";"BEL"
"121";"4280";"Avin";"BEL"
"122";"4340";"Awans";"BEL"
"123";"6870";"Awenne";"BEL"
"124";"4400";"Awirs";"BEL"
"125";"6900";"Aye";"BEL"
"126";"4630";"Ayeneux";"BEL"
"127";"4920";"Aywaille";"BEL"
"128";"4090";"B.S.D. (Belg. Strijdkr. Duitsland)";"BEL"
"129";"9890";"Baaigem";"BEL"
"130";"3128";"Baal";"BEL"
"131";"9310";"Baardegem";"BEL"
"132";"2387";"Baarle-Hertog";"BEL"
"133";"9200";"Baasrode";"BEL"
"134";"9800";"Bachte-Maria-Leerne";"BEL"
"135";"4837";"Baelen (Lg.)";"BEL"
"136";"5550";"Bagimont";"BEL"
"137";"6464";"Baileux";"BEL"
"138";"6460";"Baili?vre";"BEL"
"139";"5555";"Baillamont";"BEL"
"140";"7730";"Bailleul";"BEL"
"141";"5377";"Baillonville";"BEL"
"142";"7380";"Baisieux";"BEL"
"143";"1470";"Baisy-Thy";"BEL"
"144";"5190";"Bal?tre";"BEL"
"145";"9860";"Balegem";"BEL"
"146";"2490";"Balen";"BEL"
"147";"9420";"Bambrugge";"BEL"
"148";"6951";"Bande";"BEL"
"149";"6500";"Barben?on";"BEL"
"150";"4671";"Barchon";"BEL"
"151";"5570";"Baronville";"BEL"
"152";"7534";"Barry";"BEL"
"153";"5370";"Barvaux-Condroz";"BEL"
"154";"6940";"Barvaux-sur-Ourthe";"BEL"
"155";"7971";"Bas?cles";"BEL"
"156";"4520";"Bas-Oha";"BEL"
"157";"4983";"Basse-Bodeux";"BEL"
"158";"4690";"Bassenge";"BEL"
"159";"9968";"Bassevelde";"BEL"
"160";"7830";"Bassilly";"BEL"
"161";"6600";"Bastogne";"BEL"
"162";"7784";"Bas-Warneton";"BEL"
"163";"3870";"Batsheers";"BEL"
"164";"4651";"Battice";"BEL"
"165";"7130";"Battignies";"BEL"
"166";"7331";"Baudour";"BEL"
"167";"7870";"Bauffe";"BEL"
"168";"7604";"Baugnies";"BEL"
"169";"1401";"Baulers";"BEL"
"170";"9520";"Bavegem";"BEL"
"171";"8531";"Bavikhove";"BEL"
"172";"9150";"Bazel";"BEL"
"173";"4052";"Beaufays";"BEL"
"174";"6500";"Beaumont";"BEL"
"175";"5570";"Beauraing";"BEL"
"176";"6980";"Beausaint";"BEL"
"177";"1320";"Beauvechain";"BEL"
"178";"8630";"Beauvoorde";"BEL"
"179";"6594";"Beauwelz";"BEL"
"180";"7532";"Beclers";"BEL"
"181";"3960";"Beek";"BEL"
"182";"9630";"Beerlegem";"BEL"
"183";"8730";"Beernem";"BEL"
"184";"2340";"Beerse";"BEL"
"185";"1650";"Beersel";"BEL"
"186";"8600";"Beerst";"BEL"
"187";"1673";"Beert";"BEL"
"188";"9080";"Beervelde";"BEL"
"189";"2580";"Beerzel";"BEL"
"190";"5000";"Beez";"BEL"
"191";"6987";"Beffe";"BEL"
"192";"3130";"Begijnendijk";"BEL"
"193";"6672";"Beho";"BEL"
"194";"1852";"Beigem";"BEL"
"195";"8480";"Bekegem";"BEL"
"196";"1730";"Bekkerzeel";"BEL"
"197";"3460";"Bekkevoort";"BEL"
"198";"1009";"Belgische Senaat";"BEL"
"199";"5001";"Belgrade";"BEL"
"200";"4610";"Bellaire";"BEL"
"201";"7170";"Bellecourt";"BEL"
"202";"6730";"Bellefontaine (Lux.)";"BEL"
"203";"5555";"Bellefontaine (Nam.)";"BEL"
"204";"8510";"Bellegem";"BEL"
"205";"9881";"Bellem";"BEL"
"206";"6834";"Bellevaux";"BEL"
"207";"4960";"Bellevaux-Ligneuville";"BEL"
"208";"1674";"Bellingen";"BEL"
"209";"7970";"Beloeil";"BEL"
"210";"9111";"Belsele (Sint-Niklaas)";"BEL"
"211";"4500";"Ben-Ahin";"BEL"
"212";"6941";"Bende";"BEL"
"213";"3540";"Berbroek";"BEL"
"214";"2600";"Berchem (Antwerpen)";"BEL"
"215";"9690";"Berchem (O.-Vl.)";"BEL"
"216";"1082";"Berchem-Sainte-Agathe";"BEL"
"217";"2040";"Berendrecht";"BEL"
"218";"1910";"Berg (Bt.)";"BEL"
"219";"3700";"Berg (Limb.)";"BEL"
"220";"4360";"Bergilers";"BEL"
"221";"3580";"Beringen";"BEL"
"222";"2590";"Berlaar";"BEL"
"223";"9290";"Berlare";"BEL"
"224";"3830";"Berlingen";"BEL"
"225";"4257";"Berloz";"BEL"
"226";"4607";"Berneau";"BEL"
"227";"7320";"Bernissart";"BEL"
"228";"6560";"Bersillies-l'Abbaye";"BEL"
"229";"3060";"Bertem";"BEL"
"230";"6687";"Bertogne";"BEL"
"231";"4280";"Bertr?e";"BEL"
"232";"6880";"Bertrix";"BEL"
"233";"5651";"Berz?e";"BEL"
"234";"8980";"Beselare";"BEL"
"235";"3130";"Betekom";"BEL"
"236";"4300";"Bettincourt";"BEL"
"237";"5030";"Beuzet";"BEL"
"238";"2560";"Bevel";"BEL"
"239";"1547";"Bever";"BEL"
"240";"4960";"Beverc?";"BEL"
"241";"9700";"Bevere";"BEL"
"242";"8791";"Beveren (Leie)";"BEL"
"243";"8800";"Beveren (Roeselare)";"BEL"
"244";"8691";"Beveren-aan-den-Ijzer";"BEL"
"245";"9120";"Beveren-Waas";"BEL"
"246";"3581";"Beverlo";"BEL"
"247";"3740";"Beverst";"BEL"
"248";"4610";"Beyne-Heusay";"BEL"
"249";"6543";"Bienne-lez-Happart";"BEL"
"250";"3360";"Bierbeek";"BEL"
"251";"6533";"Bierc?e";"BEL"
"252";"1301";"Bierges";"BEL"
"253";"1430";"Bierghes";"BEL"
"254";"4460";"Bierset";"BEL"
"255";"5380";"Bierwart";"BEL"
"256";"5640";"Biesme";"BEL"
"257";"5640";"Biesmer?e";"BEL"
"258";"6531";"Biesme-sous-Thuin";"BEL"
"259";"1547";"Bievene";"BEL"
"260";"5555";"Bievre";"BEL"
"261";"1390";"Biez";"BEL"
"262";"6690";"Bihain";"BEL"
"263";"8920";"Bikschote";"BEL"
"264";"4831";"Bilstain";"BEL"
"265";"3740";"Bilzen";"BEL"
"266";"7130";"Binche";"BEL"
"267";"3850";"Binderveld";"BEL"
"268";"3211";"Binkom";"BEL"
"269";"5537";"Bioul";"BEL"
"270";"8501";"Bissegem";"BEL"
"271";"7783";"Bizet";"BEL"
"272";"2830";"Blaasveld";"BEL"
"273";"5542";"Blaimont";"BEL"
"274";"7522";"Blandain";"BEL"
"275";"3052";"Blanden";"BEL"
"276";"8370";"Blankenberge";"BEL"
"277";"7040";"Blaregnies";"BEL"
"278";"7321";"Blaton";"BEL"
"279";"7370";"Blaugies";"BEL"
"280";"4670";"Bl?gny";"BEL"
"281";"7620";"Bl?haries";"BEL"
"282";"4280";"Blehen";"BEL"
"283";"6760";"Bleid";"BEL"
"284";"4300";"Bleret";"BEL"
"285";"7903";"Blicquy";"BEL"
"286";"3950";"Bocholt";"BEL"
"287";"2530";"Boechout";"BEL"
"288";"3890";"Boekhout";"BEL"
"289";"9961";"Boekhoute";"BEL"
"290";"4250";"Bo?lhe";"BEL"
"291";"8904";"Boezinge";"BEL"
"292";"1670";"Bogaarden";"BEL"
"293";"5550";"Bohan";"BEL"
"294";"5140";"Boign?e";"BEL"
"295";"4690";"Boirs";"BEL"
"296";"7866";"Bois-de-Lessines";"BEL"
"297";"5170";"Bois-de-Villers";"BEL"
"298";"7170";"Bois-d'Haine";"BEL"
"299";"4560";"Bois-et-Borsu";"BEL"
"300";"5310";"Bolinne";"BEL"
"301";"4653";"Bolland";"BEL"
"302";"1367";"Bomal (Bt.)";"BEL"
"303";"6941";"Bomal-sur-Ourthe";"BEL"
"304";"4607";"Bombaye";"BEL"
"305";"3840";"Bommershoven (Haren)";"BEL"
"306";"4100";"Boncelles";"BEL"
"307";"5310";"Boneffe";"BEL"
"308";"2820";"Bonheiden";"BEL"
"309";"5021";"Boninne";"BEL"
"310";"1325";"Bonlez";"BEL"
"311";"6700";"Bonnert";"BEL"
"312";"5300";"Bonneville";"BEL"
"313";"7603";"Bon-Secours";"BEL"
"314";"5377";"Bonsin";"BEL"
"315";"2221";"Booischot";"BEL"
"316";"8630";"Booitshoeke";"BEL"
"317";"2850";"Boom";"BEL"
"318";"3631";"Boorsem";"BEL"
"319";"3190";"Boortmeerbeek";"BEL"
"320";"1761";"Borchtlombeek";"BEL"
"321";"2140";"Borgerhout (Antwerpen)";"BEL"
"322";"3840";"Borgloon";"BEL"
"323";"4317";"Borlez";"BEL"
"324";"3891";"Borlo";"BEL"
"325";"6941";"Borlon";"BEL"
"326";"2880";"Bornem";"BEL"
"327";"1404";"Bornival";"BEL"
"328";"2150";"Borsbeek (Antw.)";"BEL"
"329";"9552";"Borsbeke";"BEL"
"330";"5032";"Bossi?re";"BEL"
"331";"8583";"Bossuit";"BEL"
"332";"1390";"Bossut-Gottechain";"BEL"
"333";"3300";"Bost";"BEL"
"334";"5032";"Bothey";"BEL"
"335";"9820";"Bottelare";"BEL"
"336";"6200";"Bouffioulx";"BEL"
"337";"5004";"Bouge";"BEL"
"338";"7040";"Bougnies";"BEL"
"339";"6830";"Bouillon";"BEL"
"340";"6464";"Bourlers";"BEL"
"341";"5575";"Bourseigne-Neuve";"BEL"
"342";"5575";"Bourseigne-Vieille";"BEL"
"343";"7110";"Boussoit";"BEL"
"344";"7300";"Boussu";"BEL"
"345";"5660";"Boussu-en-Fagne";"BEL"
"346";"6440";"Boussu-lez-Walcourt";"BEL"
"347";"1470";"Bousval";"BEL"
"348";"3370";"Boutersem";"BEL"
"349";"5500";"Bouvignes-sur-Meuse";"BEL"
"350";"7803";"Bouvignies";"BEL"
"351";"2288";"Bouwel";"BEL"
"352";"8680";"Bovekerke";"BEL"
"353";"3870";"Bovelingen";"BEL"
"354";"4300";"Bovenistier";"BEL"
"355";"5081";"Bovesse";"BEL"
"356";"6671";"Bovigny";"BEL"
"357";"4990";"Bra";"BEL"
"358";"7604";"Braffe";"BEL"
"359";"5590";"Braibant";"BEL"
"360";"1420";"Braine-l'Alleud";"BEL"
"361";"1440";"Braine-le-Ch?teau";"BEL"
"362";"7090";"Braine-le-Comte";"BEL"
"363";"4260";"Braives";"BEL"
"364";"9660";"Brakel";"BEL"
"365";"5310";"Branchon";"BEL"
"366";"6800";"Bras";"BEL"
"367";"7604";"Brasmenil";"BEL"
"368";"2930";"Brasschaat";"BEL"
"369";"7130";"Bray";"BEL"
"370";"2960";"Brecht";"BEL"
"371";"8450";"Bredene";"BEL"
"372";"3960";"Bree";"BEL"
"373";"2870";"Breendonk";"BEL"
"374";"4020";"Bressoux";"BEL"
"375";"8900";"Brielen";"BEL"
"376";"2520";"Broechem";"BEL"
"377";"3840";"Broekom";"BEL"
"378";"1931";"Brucargo";"BEL"
"379";"7940";"Brugelette";"BEL"
"380";"8000";"Brugge";"BEL"
"381";"5660";"Br?ly";"BEL"
"382";"5660";"Br?ly-de-Pesche";"BEL"
"383";"7620";"Brunehaut";"BEL"
"384";"1785";"Brussegem";"BEL"
"385";"1000";"Brussel";"BEL"
"386";"1070";"Brussel (Anderlecht)";"BEL"
"387";"1050";"Brussel (Elsene)";"BEL"
"388";"1040";"Brussel (Etterbeek)";"BEL"
"389";"1140";"Brussel (Evere)";"BEL"
"390";"1083";"Brussel (Ganshoren)";"BEL"
"391";"1130";"Brussel (Haren)";"BEL"
"392";"1090";"Brussel (Jette)";"BEL"
"393";"1081";"Brussel (Koekelberg)";"BEL"
"394";"1020";"Brussel (Laken)";"BEL"
"395";"1120";"Brussel (Neder-Over-Heembeek)";"BEL"
"396";"1160";"Brussel (Oudergem)";"BEL"
"397";"1030";"Brussel (Schaarbeek)";"BEL"
"398";"1082";"Brussel (Sint-Agatha-Berchem)";"BEL"
"399";"1060";"Brussel (Sint-Gillis)";"BEL"
"400";"1080";"Brussel (Sint-Jans-Molenbeek)";"BEL"
"401";"1210";"Brussel (Sint-Joost-ten-Node)";"BEL"
"402";"1200";"Brussel (Sint-Lambrechts-Woluwe)";"BEL"
"403";"1150";"Brussel (Sint-Pieters-Woluwe)";"BEL"
"404";"1180";"Brussel (Ukkel)";"BEL"
"405";"1190";"Brussel (Vorst)";"BEL"
"406";"1170";"Brussel (Watermaal-Bosvoorde)";"BEL"
"407";"1934";"Brussel X-Luchthaven Remailing";"BEL"
"408";"1005";"Brusselse Hoofdstedelijke Raad";"BEL"
"409";"3800";"Brustem";"BEL"
"410";"1000";"Bruxelles";"BEL"
"411";"1070";"Bruxelles (Anderlecht)";"BEL"
"412";"1160";"Bruxelles (Auderghem)";"BEL"
"413";"1082";"Bruxelles (Berchem-Sainte-Agathe)";"BEL"
"414";"1040";"Bruxelles (Etterbeek)";"BEL"
"415";"1140";"Bruxelles (Evere)";"BEL"
"416";"1190";"Bruxelles (Forest)";"BEL"
"417";"1083";"Bruxelles (Ganshoren)";"BEL"
"418";"1130";"Bruxelles (Haeren)";"BEL"
"419";"1050";"Bruxelles (Ixelles)";"BEL"
"420";"1090";"Bruxelles (Jette)";"BEL"
"421";"1081";"Bruxelles (Koekelberg)";"BEL"
"422";"1020";"Bruxelles (Laeken)";"BEL"
"423";"1080";"Bruxelles (Molenbeek-Saint-Jean)";"BEL"
"424";"1120";"Bruxelles (Neder-Over-Heembeek)";"BEL"
"425";"1060";"Bruxelles (Saint-Gilles)";"BEL"
"426";"1210";"Bruxelles (Saint-Josse-ten-Noode)";"BEL"
"427";"1030";"Bruxelles (Schaerbeek)";"BEL"
"428";"1180";"Bruxelles (Uccle)";"BEL"
"429";"1170";"Bruxelles (Watermael-Boitsfort)";"BEL"
"430";"1200";"Bruxelles (Woluwe-Saint-Lambert)";"BEL"
"431";"1150";"Bruxelles (Woluwe-Saint-Pierre)";"BEL"
"432";"1934";"Bruxelles X-Aeroport Remailing";"BEL"
"433";"7641";"Bruyelle";"BEL"
"434";"6222";"Brye";"BEL"
"435";"3440";"Budingen";"BEL"
"436";"9255";"Buggenhout";"BEL"
"437";"7911";"Buissenal";"BEL"
"438";"5580";"Buissonville";"BEL"
"439";"1501";"Buizingen";"BEL"
"440";"1910";"Buken";"BEL"
"441";"4760";"Bullange";"BEL"
"442";"4760";"B?llingen";"BEL"
"443";"8630";"Bulskamp";"BEL"
"444";"3380";"Bunsbeek";"BEL"
"445";"2070";"Burcht";"BEL"
"446";"4210";"Burdinne";"BEL"
"447";"6927";"Bure";"BEL"
"448";"4790";"Burg-Reuland";"BEL"
"449";"9420";"Burst";"BEL"
"450";"7602";"Bury";"BEL"
"451";"4750";"B?tgenbach";"BEL"
"452";"4750";"Butgenbach";"BEL"
"453";"3891";"Buvingen";"BEL"
"454";"7133";"Buvrinnes";"BEL"
"455";"6743";"Buzenol";"BEL"
"456";"6230";"Buzet";"BEL"
"457";"7604";"Callenelle";"BEL"
"458";"7642";"Calonne";"BEL"
"459";"7940";"Cambron-Casteau";"BEL"
"460";"7870";"Cambron-Saint-Vincent";"BEL"
"461";"1804";"Cargovil";"BEL"
"462";"6850";"Carlsbourg";"BEL"
"463";"7141";"Carni?res";"BEL"
"464";"7061";"Casteau (Soignies)";"BEL"
"465";"5650";"Castillon";"BEL"
"466";"7760";"Celles (Ht.)";"BEL"
"467";"4317";"Celles (Lg.)";"BEL"
"468";"5561";"Celles (Nam.)";"BEL"
"469";"4632";"C?rexhe-Heuseux";"BEL"
"470";"5630";"Cerfontaine";"BEL"
"471";"1341";"C?roux-Mousty";"BEL"
"472";"4650";"Chaineux";"BEL"
"473";"5550";"Chairi?re";"BEL"
"474";"1008";"Chambre des Repr?sentants";"BEL"
"475";"5020";"Champion";"BEL"
"476";"6971";"Champlon";"BEL"
"477";"6921";"Chanly";"BEL"
"478";"6742";"Chantemelle";"BEL"
"479";"7903";"Chapelle-?-Oie";"BEL"
"480";"7903";"Chapelle-?-Wattines";"BEL"
"481";"7160";"Chapelle-lez-Herlaimont";"BEL"
"482";"4537";"Chapon-Seraing";"BEL"
"483";"6000";"Charleroi";"BEL"
"484";"4654";"Charneux";"BEL"
"485";"6824";"Chassepierre";"BEL"
"486";"1450";"Chastre";"BEL"
"487";"5650";"Chastr?s";"BEL"
"488";"1450";"Chastre-Villeroux-Blanmont";"BEL"
"489";"6200";"Ch?telet";"BEL"
"490";"6200";"Ch?telineau";"BEL"
"491";"6747";"Ch?tillon";"BEL"
"492";"4050";"Chaudfontaine";"BEL"
"493";"1325";"Chaumont-Gistoux";"BEL"
"494";"7063";"Chauss?e-Notre-Dame-Louvignies";"BEL"
"495";"4032";"Ch?n?e";"BEL"
"496";"6673";"Cherain";"BEL"
"497";"4602";"Cheratte";"BEL"
"498";"7521";"Chercq";"BEL"
"499";"5590";"Chevetogne";"BEL"
"500";"4987";"Chevron";"BEL"
"501";"7950";"Chi?vres";"BEL"
"502";"6460";"Chimay";"BEL"
"503";"6810";"Chiny";"BEL"
"504";"4400";"Chokier";"BEL"
"505";"1031";"Christelijke Sociale Organisaties";"BEL"
"506";"5560";"Ciergnon";"BEL"
"507";"5590";"Ciney";"BEL"
"508";"4260";"Ciplet";"BEL"
"509";"7024";"Ciply";"BEL"
"510";"1010";"Cit? Administrative de l'Etat";"BEL"
"511";"1480";"Clabecq";"BEL"
"512";"4560";"Clavier";"BEL"
"513";"4890";"Clermont (Lg.)";"BEL"
"514";"5650";"Clermont (Nam.)";"BEL"
"515";"4480";"Clermont-sous-Huy";"BEL"
"516";"5022";"Cognel?e";"BEL"
"517";"7340";"Colfontaine";"BEL"
"518";"4170";"Comblain-au-Pont";"BEL"
"519";"4180";"Comblain-Fairon";"BEL"
"520";"4180";"Comblain-la-Tour";"BEL"
"521";"7780";"Comines";"BEL"
"522";"7780";"Comines-Warneton";"BEL"
"523";"5590";"Conneux";"BEL"
"524";"1005";"Conseil Region Bruxelles-Capitale";"BEL"
"525";"1435";"Corbais";"BEL"
"526";"6838";"Corbion";"BEL"
"527";"7910";"Cordes";"BEL"
"528";"5620";"Corenne";"BEL"
"529";"4860";"Cornesse";"BEL"
"530";"5555";"Cornimont";"BEL"
"531";"5032";"Corroy-le-Ch?teau";"BEL"
"532";"1325";"Corroy-le-Grand";"BEL"
"533";"4257";"Corswarem";"BEL"
"534";"1450";"Cortil-Noirmont";"BEL"
"535";"5380";"Cortil-Wodon";"BEL"
"536";"6010";"Couillet";"BEL"
"537";"6180";"Courcelles";"BEL"
"538";"5336";"Courri?re";"BEL"
"539";"6120";"Cour-sur-Heure";"BEL"
"540";"1490";"Court-Saint-Etienne";"BEL"
"541";"4218";"Couthuin";"BEL"
"542";"5300";"Coutisse";"BEL"
"543";"1380";"Couture-Saint-Germain";"BEL"
"544";"5660";"Couvin";"BEL"
"545";"4280";"Cras-Avernas";"BEL"
"546";"4280";"Crehen";"BEL"
"547";"4367";"Crisn?e";"BEL"
"548";"7120";"Croix-lez-Rouveroy";"BEL"
"549";"4784";"Crombach";"BEL"
"550";"5332";"Crupet";"BEL"
"551";"7033";"Cuesmes";"BEL"
"552";"6880";"Cugnon";"BEL"
"553";"5660";"Cul-des-Sarts";"BEL"
"554";"5562";"Custinne";"BEL"
"555";"1045";"D.I.V.";"BEL"
"556";"8890";"Dadizele";"BEL"
"557";"5660";"Dailly";"BEL"
"558";"9160";"Daknam";"BEL"
"559";"4607";"Dalhem";"BEL"
"560";"8340";"Damme";"BEL"
"561";"6767";"Dampicourt";"BEL"
"562";"6020";"Dampremy";"BEL"
"563";"4253";"Darion";"BEL"
"564";"5630";"Daussois";"BEL"
"565";"5020";"Daussoulx";"BEL"
"566";"5100";"Dave";"BEL"
"567";"6929";"Daverdisse";"BEL"
"568";"8420";"De Haan";"BEL"
"569";"9170";"De Klinge";"BEL"
"570";"8630";"De Moeren";"BEL"
"571";"8660";"De Panne";"BEL"
"572";"9840";"De Pinte";"BEL"
"573";"8540";"Deerlijk";"BEL"
"574";"9570";"Deftinge";"BEL"
"575";"9800";"Deinze";"BEL"
"576";"9280";"Denderbelle";"BEL"
"577";"9450";"Denderhoutem";"BEL"
"578";"9470";"Denderleeuw";"BEL"
"579";"9200";"Dendermonde";"BEL"
"580";"9400";"Denderwindeke";"BEL"
"581";"5537";"Den?e";"BEL"
"582";"8720";"Dentergem";"BEL"
"583";"7912";"Dergneau";"BEL"
"584";"2480";"Dessel";"BEL"
"585";"8792";"Desselgem";"BEL"
"586";"9070";"Destelbergen";"BEL"
"587";"9042";"Desteldonk";"BEL"
"588";"9831";"Deurle";"BEL"
"589";"2100";"Deurne (Antwerpen)";"BEL"
"590";"3290";"Deurne (Bt.)";"BEL"
"591";"7864";"Deux-Acren";"BEL"
"592";"5310";"Dhuy";"BEL"
"593";"1831";"Diegem";"BEL"
"594";"3590";"Diepenbeek";"BEL"
"595";"3290";"Diest";"BEL"
"596";"3700";"Diets-Heur";"BEL"
"597";"8900";"Dikkebus";"BEL"
"598";"9630";"Dikkele";"BEL"
"599";"9890";"Dikkelvenne";"BEL"
"600";"8600";"Diksmuide";"BEL"
"601";"1700";"Dilbeek";"BEL"
"602";"3650";"Dilsen-Stokkem";"BEL"
"603";"5500";"Dinant";"BEL"
"604";"5570";"Dion";"BEL"
"605";"1325";"Dion-Valmont";"BEL"
"606";"4820";"Dison";"BEL"
"607";"6960";"Dochamps";"BEL"
"608";"9130";"Doel";"BEL"
"609";"6836";"Dohan";"BEL"
"610";"5680";"Doische";"BEL"
"611";"4140";"Dolembreux";"BEL"
"612";"4357";"Donceel";"BEL"
"613";"1370";"Dongelberg";"BEL"
"614";"3540";"Donk";"BEL"
"615";"6536";"Donstiennes";"BEL"
"616";"5530";"Dorinne";"BEL"
"617";"3440";"Dormaal";"BEL"
"618";"7711";"Dottenijs";"BEL"
"619";"7711";"Dottignies";"BEL"
"620";"7370";"Dour";"BEL"
"621";"5670";"Dourbes";"BEL"
"622";"8951";"Dranouter";"BEL"
"623";"5500";"Dr?hance";"BEL"
"624";"8600";"Driekapellen";"BEL"
"625";"3350";"Drieslinter";"BEL"
"626";"1620";"Drogenbos";"BEL"
"627";"9031";"Drongen";"BEL"
"628";"8380";"Dudzele";"BEL"
"629";"2570";"Duffel";"BEL"
"630";"3080";"Duisburg";"BEL"
"631";"3803";"Duras";"BEL"
"632";"6940";"Durbuy";"BEL"
"633";"5530";"Durnal";"BEL"
"634";"1653";"Dworp";"BEL"
"635";"1049";"E.U.-Commissie";"BEL"
"636";"1048";"E.U.-Raad";"BEL"
"637";"4690";"Eben-Emael";"BEL"
"638";"6860";"Ebly";"BEL"
"639";"7190";"Ecaussinnes";"BEL"
"640";"7190";"Ecaussinnes-d'Enghien";"BEL"
"641";"7191";"Ecaussinnes-Lalaing";"BEL"
"642";"2650";"Edegem";"BEL"
"643";"9700";"Edelare";"BEL"
"644";"7850";"Edingen";"BEL"
"645";"9900";"Eeklo";"BEL"
"646";"8480";"Eernegem";"BEL"
"647";"8740";"Egem";"BEL"
"648";"8630";"Eggewaartskapelle";"BEL"
"649";"5310";"Eghez?e";"BEL"
"650";"4120";"Ehein";"BEL"
"651";"3740";"Eigenbilzen";"BEL"
"652";"2430";"Eindhout";"BEL"
"653";"9700";"Eine";"BEL"
"654";"3630";"Eisden";"BEL"
"655";"9810";"Eke";"BEL"
"656";"2180";"Ekeren (Antwerpen)";"BEL"
"657";"9160";"Eksaarde";"BEL"
"658";"3941";"Eksel";"BEL"
"659";"3650";"Elen";"BEL"
"660";"9620";"Elene";"BEL"
"661";"1982";"Elewijt";"BEL"
"662";"3400";"Eliksem";"BEL"
"663";"1671";"Elingen";"BEL"
"664";"4590";"Ellemelle";"BEL"
"665";"7890";"Ellezelles";"BEL"
"666";"7910";"Ellignies-lez-Frasnes";"BEL"
"667";"7972";"Ellignies-Sainte-Anne";"BEL"
"668";"3670";"Ellikom";"BEL"
"669";"7370";"Elouges";"BEL"
"670";"9790";"Elsegem";"BEL"
"671";"4750";"Elsenborn";"BEL"
"672";"1050";"Elsene";"BEL"
"673";"9660";"Elst";"BEL"
"674";"8906";"Elverdinge";"BEL"
"675";"9140";"Elversele";"BEL"
"676";"2520";"Emblem";"BEL"
"677";"4053";"Embourg";"BEL"
"678";"8870";"Emelgem";"BEL"
"679";"5080";"Emines";"BEL"
"680";"5363";"Emptinne";"BEL"
"681";"9700";"Ename";"BEL"
"682";"3800";"Engelmanshoven";"BEL"
"683";"7850";"Enghien";"BEL"
"684";"4480";"Engis";"BEL"
"685";"1350";"Enines";"BEL"
"686";"4800";"Ensival";"BEL"
"687";"7134";"Epinois";"BEL"
"688";"1980";"Eppegem";"BEL"
"689";"5580";"Eprave";"BEL"
"690";"7050";"Erbaut";"BEL"
"691";"7050";"Erbisoeul";"BEL"
"692";"7500";"Ere";"BEL"
"693";"9320";"Erembodegem (Aalst)";"BEL"
"694";"6997";"Erez?e";"BEL"
"695";"5644";"Ermeton-sur-Biert";"BEL"
"696";"5030";"Ernage";"BEL"
"697";"6972";"Erneuville";"BEL"
"698";"4920";"Ernonheid";"BEL"
"699";"9420";"Erondegem";"BEL"
"700";"9420";"Erpe";"BEL"
"701";"9420";"Erpe-Mere";"BEL"
"702";"5101";"Erpent";"BEL"
"703";"6441";"Erpion";"BEL"
"704";"3071";"Erps-Kwerps";"BEL"
"705";"6560";"Erquelinnes";"BEL"
"706";"7387";"Erquennes";"BEL"
"707";"9940";"Ertvelde";"BEL"
"708";"9620";"Erwetegem";"BEL"
"709";"7760";"Escanaffles";"BEL"
"710";"8600";"Esen";"BEL"
"711";"4130";"Esneux";"BEL"
"712";"8587";"Espierres";"BEL"
"713";"8587";"Espierres-Helchin";"BEL"
"714";"7502";"Esplechin";"BEL"
"715";"7743";"Esquelmes";"BEL"
"716";"2910";"Essen";"BEL"
"717";"1790";"Essene";"BEL"
"718";"7730";"Estaimbourg";"BEL"
"719";"7730";"Estaimpuis";"BEL"
"720";"7120";"Estinnes";"BEL"
"721";"7120";"Estinnes-au-Mont";"BEL"
"722";"7120";"Estinnes-au-Val";"BEL"
"723";"6740";"Etalle";"BEL"
"724";"6760";"Ethe";"BEL"
"725";"9680";"Etikhove";"BEL"
"726";"8460";"Ettelgem";"BEL"
"727";"1040";"Etterbeek";"BEL"
"728";"7080";"Eugies (Frameries)";"BEL"
"729";"4700";"Eupen";"BEL"
"730";"1047";"Europees Parlement";"BEL"
"731";"4631";"Evegn?e";"BEL"
"732";"5350";"Evelette";"BEL"
"733";"9660";"Everbeek";"BEL"
"734";"3078";"Everberg";"BEL"
"735";"1140";"Evere";"BEL"
"736";"9940";"Evergem";"BEL"
"737";"7730";"Evregnies";"BEL"
"738";"5530";"Evrehailles";"BEL"
"739";"4731";"Eynatten";"BEL"
"740";"3400";"Ezemaal";"BEL"
"741";"4090";"F.B.A. (Forces Belges en Allemagne)";"BEL"
"742";"5600";"Fagnolle";"BEL"
"743";"4317";"Faimes";"BEL"
"744";"5522";"Fala?n";"BEL"
"745";"5060";"Falisolle";"BEL"
"746";"4260";"Fallais";"BEL"
"747";"5500";"Falmagne";"BEL"
"748";"5500";"Falmignoul";"BEL"
"749";"7181";"Familleureux";"BEL"
"750";"6240";"Farciennes";"BEL"
"751";"5340";"Faulx-les-Tombes";"BEL"
"752";"7120";"Fauroeulx";"BEL"
"753";"6637";"Fauvillers";"BEL"
"754";"4950";"Faymonville";"BEL"
"755";"6856";"Fays-les-Veneurs";"BEL"
"756";"7387";"Fayt-le-Franc";"BEL"
"757";"7170";"Fayt-lez-Manage";"BEL"
"758";"5570";"Felenne";"BEL"
"759";"7181";"Feluy";"BEL"
"760";"4607";"Feneur";"BEL"
"761";"5380";"Fernelmont";"BEL"
"762";"4190";"Ferri?res";"BEL"
"763";"5570";"Feschaux";"BEL"
"764";"4347";"Fexhe-le-Haut-Clocher";"BEL"
"765";"4458";"Fexhe-Slins";"BEL"
"766";"4181";"Filot";"BEL"
"767";"5560";"Finnevaux";"BEL"
"768";"4530";"Fize-Fontaine";"BEL"
"769";"4367";"Fize-le-Marsal";"BEL"
"770";"6686";"Flamierge";"BEL"
"771";"5620";"Flavion";"BEL"
"772";"5020";"Flawinne";"BEL"
"773";"4400";"Fl?malle";"BEL"
"774";"4400";"Fl?malle-Grande";"BEL"
"775";"4400";"Fl?malle-Haute";"BEL"
"776";"7012";"Fl?nu";"BEL"
"777";"4620";"Fl?ron";"BEL"
"778";"6220";"Fleurus";"BEL"
"779";"7880";"Flobecq";"BEL"
"780";"4540";"Fl?ne";"BEL"
"781";"5334";"Flor?e";"BEL"
"782";"5150";"Floreffe";"BEL"
"783";"5620";"Florennes";"BEL"
"784";"6820";"Florenville";"BEL"
"785";"5150";"Floriffoux";"BEL"
"786";"5370";"Flostoy";"BEL"
"787";"5572";"Focant";"BEL"
"788";"1212";"FOD Mobiliteit";"BEL"
"789";"1350";"Folx-les-Caves";"BEL"
"790";"6140";"Fontaine-l'Ev?que";"BEL"
"791";"6567";"Fontaine-Valmont";"BEL"
"792";"5650";"Fontenelle";"BEL"
"793";"6820";"Fontenoille";"BEL"
"794";"7643";"Fontenoy";"BEL"
"795";"4340";"Fooz";"BEL"
"796";"6141";"Forchies-la-Marche";"BEL"
"797";"1190";"Forest";"BEL"
"798";"7910";"Forest (Ht.)";"BEL"
"799";"4870";"For?t";"BEL"
"800";"6596";"Forge-Philippe";"BEL"
"801";"6464";"Forges";"BEL"
"802";"6953";"Forri?res";"BEL"
"803";"5380";"Forville";"BEL"
"804";"4980";"Fosse (Lg.)";"BEL"
"805";"5070";"Fosses-la-Ville";"BEL"
"806";"7830";"Fouleng";"BEL"
"807";"6440";"Fourbechies";"BEL"
"808";"3798";"Fouron-le-Comte";"BEL"
"809";"3790";"Fourons";"BEL"
"810";"3790";"Fouron-Saint-Martin";"BEL"
"811";"3792";"Fouron-Saint-Pierre";"BEL"
"812";"5504";"Foy-Notre-Dame";"BEL"
"813";"4870";"Fraipont";"BEL"
"814";"5650";"Fraire";"BEL"
"815";"4557";"Fraiture";"BEL"
"816";"7080";"Frameries";"BEL"
"817";"6853";"Framont";"BEL"
"818";"5600";"Franchimont";"BEL"
"819";"4970";"Francorchamps";"BEL"
"820";"5380";"Franc-Waret";"BEL"
"821";"5150";"Frani?re";"BEL"
"822";"5660";"Frasnes (Nam.)";"BEL"
"823";"7910";"Frasnes-lez-Anvaing";"BEL"
"824";"7911";"Frasnes-lez-Buissenal";"BEL"
"825";"6210";"Frasnes-lez-Gosselies";"BEL"
"826";"4347";"Freloux";"BEL"
"827";"6800";"Freux";"BEL"
"828";"6440";"Froidchapelle";"BEL"
"829";"5576";"Froidfontaine";"BEL"
"830";"7504";"Froidmont";"BEL"
"831";"6990";"Fronville";"BEL"
"832";"7503";"Froyennes";"BEL"
"833";"4260";"Fumal";"BEL"
"834";"5500";"Furfooz";"BEL"
"835";"5641";"Furnaux";"BEL"
"836";"1750";"Gaasbeek";"BEL"
"837";"7943";"Gages";"BEL"
"838";"7906";"Gallaix";"BEL"
"839";"1570";"Galmaarden";"BEL"
"840";"1083";"Ganshoren";"BEL"
"841";"7530";"Gaurain-Ramecroix (Tournai)";"BEL"
"842";"9890";"Gavere";"BEL"
"843";"5575";"Gedinne";"BEL"
"844";"2440";"Geel";"BEL"
"845";"4250";"Geer";"BEL"
"846";"1367";"Geest-G?rompont-Petit-Rosi?re";"BEL"
"847";"3450";"Geetbets";"BEL"
"848";"5024";"Gelbress?e";"BEL"
"849";"3800";"Gelinden";"BEL"
"850";"3620";"Gellik";"BEL"
"851";"3200";"Gelrode";"BEL"
"852";"8980";"Geluveld";"BEL"
"853";"8940";"Geluwe";"BEL"
"854";"6929";"Gembes";"BEL"
"855";"5030";"Gembloux";"BEL"
"856";"4851";"Gemmenich";"BEL"
"857";"1470";"Genappe";"BEL"
"858";"3600";"Genk";"BEL"
"859";"7040";"Genly";"BEL"
"860";"3770";"Genoelselderen";"BEL"
"861";"9000";"Gent";"BEL"
"862";"9050";"Gentbrugge";"BEL"
"863";"1450";"Gentinnes";"BEL"
"864";"1332";"Genval";"BEL"
"865";"9500";"Geraardsbergen";"BEL"
"866";"3960";"Gerdingen";"BEL"
"867";"5524";"Gerin";"BEL"
"868";"1367";"G?rompont";"BEL"
"869";"6769";"G?rouville";"BEL"
"870";"6280";"Gerpinnes";"BEL"
"871";"2590";"Gestel";"BEL"
"872";"5340";"Gesves";"BEL"
"873";"7822";"Ghislenghien";"BEL"
"874";"7011";"Ghlin";"BEL"
"875";"7863";"Ghoy";"BEL"
"876";"7823";"Gibecq";"BEL"
"877";"2275";"Gierle";"BEL"
"878";"8691";"Gijverinkhove";"BEL"
"879";"9308";"Gijzegem";"BEL"
"880";"8570";"Gijzelbrechtegem";"BEL"
"881";"9860";"Gijzenzele";"BEL"
"882";"6060";"Gilly (Charleroi)";"BEL"
"883";"5680";"Gimn?e";"BEL"
"884";"3890";"Gingelom";"BEL"
"885";"8470";"Gistel";"BEL"
"886";"8830";"Gits";"BEL"
"887";"7041";"Givry";"BEL"
"888";"1473";"Glabais";"BEL"
"889";"3380";"Glabbeek-Zuurbemde";"BEL"
"890";"4000";"Glain";"BEL"
"891";"4400";"Gleixhe";"BEL"
"892";"1315";"Glimes";"BEL"
"893";"4690";"Glons";"BEL"
"894";"5680";"Gochen?e";"BEL"
"895";"7160";"Godarville";"BEL"
"896";"5530";"Godinne";"BEL"
"897";"9620";"Godveerdegem";"BEL"
"898";"4834";"Go?";"BEL"
"899";"9500";"Goeferdinge";"BEL"
"900";"7040";"Goegnies-Chauss?e";"BEL"
"901";"5353";"Goesnes";"BEL"
"902";"3300";"Goetsenhoven";"BEL"
"903";"4140";"Gomz?-Andoumont";"BEL"
"904";"7830";"Gondregnies";"BEL"
"905";"5660";"Gonrieux";"BEL"
"906";"9090";"Gontrode";"BEL"
"907";"1755";"Gooik";"BEL"
"908";"3803";"Gorsem";"BEL"
"909";"3840";"Gors-Opleeuw";"BEL"
"910";"6041";"Gosselies";"BEL"
"911";"3840";"Gotem";"BEL"
"912";"9800";"Gottem";"BEL"
"913";"7070";"Gottignies";"BEL"
"914";"6280";"Gougnies";"BEL"
"915";"5651";"Gourdinne";"BEL"
"916";"6030";"Goutroux";"BEL"
"917";"6670";"Gouvy";"BEL"
"918";"6181";"Gouy-lez-Pi?ton";"BEL"
"919";"6534";"Goz?e";"BEL"
"920";"4460";"Gr?ce-Berleur";"BEL"
"921";"4460";"Gr?ce-Hollogne";"BEL"
"922";"5555";"Graide";"BEL"
"923";"9800";"Grammene";"BEL"
"924";"4300";"Grand-Axhe";"BEL"
"925";"7973";"Grandglise";"BEL"
"926";"4280";"Grand-Hallet";"BEL"
"927";"6698";"Grand-Halleux";"BEL"
"928";"6940";"Grandhan";"BEL"
"929";"5031";"Grand-Leez";"BEL"
"930";"5030";"Grand-Manil";"BEL"
"931";"6960";"Grandmenil";"BEL"
"932";"7900";"Grandmetz";"BEL"
"933";"4650";"Grand-Rechain";"BEL"
"934";"6560";"Grand-Reng";"BEL"
"935";"6470";"Grandrieu";"BEL"
"936";"1367";"Grand-Rosi?re-Hottomont";"BEL"
"937";"4360";"Grandville";"BEL"
"938";"6840";"Grandvoir";"BEL"
"939";"6840";"Grapfontaine";"BEL"
"940";"7830";"Graty";"BEL"
"941";"5640";"Graux";"BEL"
"942";"3450";"Grazen";"BEL"
"943";"9200";"Grembergen";"BEL"
"944";"1390";"Grez-Doiceau";"BEL"
"945";"1850";"Grimbergen";"BEL"
"946";"9506";"Grimminge";"BEL"
"947";"4030";"Grivegn?e";"BEL"
"948";"2280";"Grobbendonk";"BEL"
"949";"1702";"Groot-Bijgaarden";"BEL"
"950";"3800";"Groot-Gelmen";"BEL"
"951";"3840";"Groot-Loon";"BEL"
"952";"7950";"Grosage";"BEL"
"953";"5555";"Gros-Fays";"BEL"
"954";"3990";"Grote-Brogel";"BEL"
"955";"9620";"Grotenberge";"BEL"
"956";"3740";"Grote-Spouwen";"BEL"
"957";"3670";"Gruitrode";"BEL"
"958";"6952";"Grune";"BEL"
"959";"6927";"Grupont";"BEL"
"960";"7620";"Guignies";"BEL"
"961";"3723";"Guigoven";"BEL"
"962";"6704";"Guirsch";"BEL"
"963";"8560";"Gullegem";"BEL"
"964";"3870";"Gutschoven";"BEL"
"965";"3150";"Haacht";"BEL"
"966";"9450";"Haaltert";"BEL"
"967";"9120";"Haasdonk";"BEL"
"968";"3053";"Haasrode";"BEL"
"969";"6720";"Habay";"BEL"
"970";"6720";"Habay-la-Neuve";"BEL"
"971";"6723";"Habay-la-Vieille";"BEL"
"972";"6782";"Habergy";"BEL"
"973";"4684";"Haccourt";"BEL"
"974";"6720";"Hachy";"BEL"
"975";"7911";"Hacquegnies";"BEL"
"976";"1130";"Haren (Bruxelles)";"BEL"
"977";"5351";"Haillot";"BEL"
"978";"7100";"Haine-Saint-Paul";"BEL"
"979";"7100";"Haine-Saint-Pierre";"BEL"
"980";"7350";"Hainin";"BEL"
"981";"3300";"Hakendover";"BEL"
"982";"6792";"Halanzy";"BEL"
"983";"3545";"Halen";"BEL"
"984";"2220";"Hallaar";"BEL"
"985";"1500";"Halle";"BEL"
"986";"2980";"Halle (Kempen)";"BEL"
"987";"3440";"Halle-Booienhoven";"BEL"
"988";"6986";"Halleux";"BEL"
"989";"6922";"Halma";"BEL"
"990";"3800";"Halmaal";"BEL"
"991";"5340";"Haltinne";"BEL"
"992";"3945";"Ham";"BEL"
"993";"6840";"Hamipr?";"BEL"
"994";"1785";"Hamme (Bt.)";"BEL"
"995";"9220";"Hamme (O.-Vl.)";"BEL"
"996";"1320";"Hamme-Mille";"BEL"
"997";"4180";"Hamoir";"BEL"
"998";"5360";"Hamois";"BEL"
"999";"3930";"Hamont";"BEL"
"1000";"3930";"Hamont-Achel";"BEL"
"1001";"6990";"Hampteau";"BEL"
"1002";"6120";"Ham-sur-Heure";"BEL"
"1003";"6120";"Ham-sur-Heure-Nalinnes";"BEL"
"1004";"5190";"Ham-sur-Sambre";"BEL"
"1005";"8610";"Handzame";"BEL"
"1006";"4357";"Haneffe";"BEL"
"1007";"4210";"Hann?che";"BEL"
"1008";"4280";"Hannut";"BEL"
"1009";"5310";"Hanret";"BEL"
"1010";"9850";"Hansbeke";"BEL"
"1011";"5580";"Han-sur-Lesse";"BEL"
"1012";"6560";"Hantes-Wih?ries";"BEL"
"1013";"5621";"Hanzinelle";"BEL"
"1014";"5621";"Hanzinne";"BEL"
"1015";"7321";"Harchies";"BEL"
"1016";"8530";"Harelbeke";"BEL"
"1017";"3840";"Haren (Borgloon)";"BEL"
"1018";"1130";"Haren (Brussel)";"BEL"
"1019";"3700";"Haren (Tongeren)";"BEL"
"1020";"6900";"Hargimont";"BEL"
"1021";"7022";"Harmignies";"BEL"
"1022";"6767";"Harnoncourt";"BEL"
"1023";"6960";"Harre";"BEL"
"1024";"6950";"Harsin";"BEL"
"1025";"7022";"Harveng";"BEL"
"1026";"4920";"Harz?";"BEL"
"1027";"3500";"Hasselt";"BEL"
"1028";"5540";"Hasti?re";"BEL"
"1029";"5540";"Hasti?re-Lavaux";"BEL"
"1030";"5541";"Hasti?re-par-Del?";"BEL"
"1031";"6870";"Hatrival";"BEL"
"1032";"7120";"Haulchin";"BEL"
"1033";"4730";"Hauset";"BEL"
"1034";"6929";"Haut-Fays";"BEL"
"1035";"1461";"Haut-Ittre";"BEL"
"1036";"5537";"Haut-le-Wastia";"BEL"
"1037";"7334";"Hautrage";"BEL"
"1038";"7041";"Havay";"BEL"
"1039";"5370";"Havelange";"BEL"
"1040";"5590";"Haversin";"BEL"
"1041";"7531";"Havinnes";"BEL"
"1042";"7021";"Havr?";"BEL"
"1043";"3940";"Hechtel";"BEL"
"1044";"3940";"Hechtel-Eksel";"BEL"
"1045";"5543";"Heer";"BEL"
"1046";"3870";"Heers";"BEL"
"1047";"3740";"Hees";"BEL"
"1048";"8551";"Heestert";"BEL"
"1049";"2801";"Heffen";"BEL"
"1050";"1670";"Heikruis";"BEL"
"1051";"2830";"Heindonk";"BEL"
"1052";"6700";"Heinsch";"BEL"
"1053";"8301";"Heist-aan-Zee";"BEL"
"1054";"2220";"Heist-op-den-Berg";"BEL"
"1055";"1790";"Hekelgem";"BEL"
"1056";"3870";"Heks";"BEL"
"1057";"8587";"Helchin";"BEL"
"1058";"3530";"Helchteren";"BEL"
"1059";"9450";"Heldergem";"BEL"
"1060";"1357";"H?l?cine";"BEL"
"1061";"3440";"Helen-Bos";"BEL"
"1062";"8587";"Helkijn";"BEL"
"1063";"7830";"Hellebecq";"BEL"
"1064";"9571";"Hemelveerdegem";"BEL"
"1065";"2620";"Hemiksem";"BEL"
"1066";"5380";"Hemptinne (Fernelmont)";"BEL"
"1067";"5620";"Hemptinne-lez-Florennes";"BEL"
"1068";"3840";"Hendrieken";"BEL"
"1069";"3700";"Henis";"BEL"
"1070";"7090";"Hennuy?res";"BEL"
"1071";"4841";"Henri-Chapelle";"BEL"
"1072";"7090";"Henripont";"BEL"
"1073";"7350";"Hensies";"BEL"
"1074";"3971";"Heppen";"BEL"
"1075";"4771";"Heppenbach";"BEL"
"1076";"6220";"Heppignies";"BEL"
"1077";"6887";"Herbeumont";"BEL"
"1078";"7050";"Herchies";"BEL"
"1079";"3770";"Herderen";"BEL"
"1080";"9310";"Herdersem";"BEL"
"1081";"3020";"Herent";"BEL"
"1082";"2200";"Herentals";"BEL"
"1083";"2270";"Herenthout";"BEL"
"1084";"1540";"Herfelingen";"BEL"
"1085";"4728";"Hergenrath";"BEL"
"1086";"7742";"H?rinnes-lez-Pecq";"BEL"
"1087";"3540";"Herk-de-Stad";"BEL"
"1088";"4681";"Hermalle-sous-Argenteau";"BEL"
"1089";"4480";"Hermalle-sous-Huy";"BEL"
"1090";"4680";"Herm?e";"BEL"
"1091";"5540";"Hermeton-sur-Meuse";"BEL"
"1092";"1540";"Herne";"BEL"
"1093";"4217";"H?ron";"BEL"
"1094";"7911";"Herquegies";"BEL"
"1095";"7712";"Herseaux";"BEL"
"1096";"2230";"Herselt";"BEL"
"1097";"4040";"Herstal";"BEL"
"1098";"3717";"Herstappe";"BEL"
"1099";"7522";"Hertain";"BEL"
"1100";"3831";"Herten";"BEL"
"1101";"8020";"Hertsberge";"BEL"
"1102";"4650";"Herve";"BEL"
"1103";"9550";"Herzele";"BEL"
"1104";"8501";"Heule";"BEL"
"1105";"5377";"Heure (Nam.)";"BEL"
"1106";"4682";"Heure-le-Romain";"BEL"
"1107";"9700";"Heurne";"BEL"
"1108";"3550";"Heusden (Limb.)";"BEL"
"1109";"9070";"Heusden (O.-Vl.)";"BEL"
"1110";"3550";"Heusden-Zolder";"BEL"
"1111";"4802";"Heusy";"BEL"
"1112";"8950";"Heuvelland";"BEL"
"1113";"3191";"Hever";"BEL"
"1114";"3001";"Heverlee";"BEL"
"1115";"1435";"H?villers";"BEL"
"1116";"6941";"Heyd";"BEL"
"1117";"9550";"Hillegem";"BEL"
"1118";"2880";"Hingene";"BEL"
"1119";"5380";"Hingeon";"BEL"
"1120";"6984";"Hives";"BEL"
"1121";"2660";"Hoboken (Antwerpen)";"BEL"
"1122";"4351";"Hodeige";"BEL"
"1123";"6987";"Hodister";"BEL"
"1124";"4162";"Hody";"BEL"
"1125";"3320";"Hoegaarden";"BEL"
"1126";"1560";"Hoeilaart";"BEL"
"1127";"8340";"Hoeke";"BEL"
"1128";"3746";"Hoelbeek";"BEL"
"1129";"3471";"Hoeleden";"BEL"
"1130";"3840";"Hoepertingen";"BEL"
"1131";"3730";"Hoeselt";"BEL"
"1132";"2940";"Hoevenen";"BEL"
"1133";"1981";"Hofstade (Bt.)";"BEL"
"1134";"9308";"Hofstade (O.-Vl.)";"BEL"
"1135";"5377";"Hogne";"BEL"
"1136";"4342";"Hognoul";"BEL"
"1137";"7620";"Hollain";"BEL"
"1138";"6637";"Hollange";"BEL"
"1139";"8902";"Hollebeke";"BEL"
"1140";"4460";"Hollogne-aux-Pierres";"BEL"
"1141";"4250";"Hollogne-sur-Geer";"BEL"
"1142";"3220";"Holsbeek";"BEL"
"1143";"2811";"Hombeek";"BEL"
"1144";"4852";"Hombourg";"BEL"
"1145";"6640";"Hompr?";"BEL"
"1146";"6780";"Hondelange";"BEL"
"1147";"5570";"Honnay";"BEL"
"1148";"7387";"Honnelles";"BEL"
"1149";"8830";"Hooglede";"BEL"
"1150";"8690";"Hoogstade";"BEL"
"1151";"2320";"Hoogstraten";"BEL"
"1152";"9667";"Horebeke";"BEL"
"1153";"4460";"Horion-Hoz?mont";"BEL"
"1154";"7301";"Hornu";"BEL"
"1155";"3870";"Horpmaal";"BEL"
"1156";"7060";"Horrues";"BEL"
"1157";"6990";"Hotton";"BEL"
"1158";"6724";"Houdemont";"BEL"
"1159";"7110";"Houdeng-Aimeries";"BEL"
"1160";"7110";"Houdeng-Goegnies (La Louvi?re)";"BEL"
"1161";"5575";"Houdremont";"BEL"
"1162";"6660";"Houffalize";"BEL"
"1163";"5563";"Hour";"BEL"
"1164";"4671";"Housse";"BEL"
"1165";"7812";"Houtaing";"BEL"
"1166";"1476";"Houtain-le-Val";"BEL"
"1167";"4682";"Houtain-Saint-Sim?on";"BEL"
"1168";"8377";"Houtave";"BEL"
"1169";"8630";"Houtem (W.-Vl.)";"BEL"
"1170";"3530";"Houthalen";"BEL"
"1171";"3530";"Houthalen-Helchteren";"BEL"
"1172";"7781";"Houthem (Comines)";"BEL"
"1173";"8650";"Houthulst";"BEL"
"1174";"2235";"Houtvenne";"BEL"
"1175";"3390";"Houwaart";"BEL"
"1176";"5530";"Houx";"BEL"
"1177";"5560";"Houyet";"BEL"
"1178";"2540";"Hove";"BEL"
"1179";"7830";"Hoves (Ht.)";"BEL"
"1180";"7624";"Howardries";"BEL"
"1181";"4520";"Huccorgne";"BEL"
"1182";"9750";"Huise";"BEL"
"1183";"7950";"Huissignies";"BEL"
"1184";"1654";"Huizingen";"BEL"
"1185";"3040";"Huldenberg";"BEL"
"1186";"2235";"Hulshout";"BEL"
"1187";"5560";"Hulsonniaux";"BEL"
"1188";"8531";"Hulste";"BEL"
"1189";"6900";"Humain";"BEL"
"1190";"1851";"Humbeek";"BEL"
"1191";"9630";"Hundelgem";"BEL"
"1192";"1367";"Huppaye";"BEL"
"1193";"4500";"Huy";"BEL"
"1194";"7022";"Hyon";"BEL"
"1195";"8480";"Ichtegem";"BEL"
"1196";"9472";"Iddergem";"BEL"
"1197";"9506";"Idegem";"BEL"
"1198";"8900";"Ieper";"BEL"
"1199";"9340";"Impe";"BEL"
"1200";"1315";"Incourt";"BEL"
"1201";"8770";"Ingelmunster";"BEL"
"1202";"8570";"Ingooigem";"BEL"
"1203";"1041";"International Press Center";"BEL"
"1204";"7801";"Irchonwelz";"BEL"
"1205";"7822";"Isi?res";"BEL"
"1206";"5032";"Isnes";"BEL"
"1207";"2222";"Itegem";"BEL"
"1208";"1701";"Itterbeek";"BEL"
"1209";"1460";"Ittre";"BEL"
"1210";"4400";"Ivoz-Ramet";"BEL"
"1211";"1050";"Ixelles";"BEL"
"1212";"8870";"Izegem";"BEL"
"1213";"6810";"Izel";"BEL"
"1214";"8691";"Izenberge";"BEL"
"1215";"6941";"Izier";"BEL"
"1216";"8490";"Jabbeke";"BEL"
"1217";"4845";"Jalhay";"BEL"
"1218";"5354";"Jallet";"BEL"
"1219";"5600";"Jamagne";"BEL"
"1220";"5100";"Jambes (Namur)";"BEL"
"1221";"5600";"Jamiolle";"BEL"
"1222";"6120";"Jamioulx";"BEL"
"1223";"6810";"Jamoigne";"BEL"
"1224";"1350";"Jandrain-Jandrenouille";"BEL"
"1225";"1350";"Jauche";"BEL"
"1226";"1370";"Jauchelette";"BEL"
"1227";"5570";"Javingue";"BEL"
"1228";"4540";"Jehay";"BEL"
"1229";"6880";"Jehonville";"BEL"
"1230";"7012";"Jemappes";"BEL"
"1231";"5580";"Jemelle";"BEL"
"1232";"4101";"Jemeppe-sur-Meuse";"BEL"
"1233";"5190";"Jemeppe-sur-Sambre";"BEL"
"1234";"4357";"Jeneffe (Lg.)";"BEL"
"1235";"5370";"Jeneffe (Nam.)";"BEL"
"1236";"3840";"Jesseren (Kolmont)";"BEL"
"1237";"1090";"Jette";"BEL"
"1238";"3890";"Jeuk";"BEL"
"1239";"1370";"Jodoigne";"BEL"
"1240";"1370";"Jodoigne-Souveraine";"BEL"
"1241";"7620";"Jollain-Merlin";"BEL"
"1242";"6280";"Joncret";"BEL"
"1243";"4650";"Jul?mont";"BEL"
"1244";"6040";"Jumet (Charleroi)";"BEL"
"1245";"4020";"Jupille-sur-Meuse";"BEL"
"1246";"4450";"Juprelle";"BEL"
"1247";"7050";"Jurbise";"BEL"
"1248";"6642";"Juseret";"BEL"
"1249";"8600";"Kaaskerke";"BEL"
"1250";"8870";"Kachtem";"BEL"
"1251";"3293";"Kaggevinne";"BEL"
"1252";"7540";"Kain";"BEL"
"1253";"9270";"Kalken";"BEL"
"1254";"9120";"Kallo (Beveren-Waas)";"BEL"
"1255";"9130";"Kallo (Kieldrecht)";"BEL"
"1256";"2920";"Kalmthout";"BEL"
"1257";"1008";"Kamer van Volksvertegenwoordigers";"BEL"
"1258";"1910";"Kampenhout";"BEL"
"1259";"8700";"Kanegem";"BEL"
"1260";"3770";"Kanne";"BEL"
"1261";"2950";"Kapellen (Antw.)";"BEL"
"1262";"3381";"Kapellen (Bt.)";"BEL"
"1263";"1880";"Kapelle-op-den-Bos";"BEL"
"1264";"9970";"Kaprijke";"BEL"
"1265";"8572";"Kaster";"BEL"
"1266";"2460";"Kasterlee";"BEL"
"1267";"3950";"Kaulille";"BEL"
"1268";"3140";"Keerbergen";"BEL"
"1269";"8600";"Keiem";"BEL"
"1270";"4720";"Kelmis";"BEL"
"1271";"4367";"Kemexhe";"BEL"
"1272";"8956";"Kemmel";"BEL"
"1273";"9190";"Kemzeke";"BEL"
"1274";"8581";"Kerkhove";"BEL"
"1275";"3370";"Kerkom";"BEL"
"1276";"3800";"Kerkom-bij-Sint-Truiden";"BEL"
"1277";"9451";"Kerksken";"BEL"
"1278";"3510";"Kermt (Hasselt)";"BEL"
"1279";"3840";"Kerniel";"BEL"
"1280";"3472";"Kersbeek-Miskom";"BEL"
"1281";"2560";"Kessel";"BEL"
"1282";"3010";"Kessel-Lo (Leuven)";"BEL"
"1283";"3640";"Kessenich";"BEL"
"1284";"1755";"Kester";"BEL"
"1285";"4701";"Kettenis";"BEL"
"1286";"5060";"Keumi?e";"BEL"
"1287";"9130";"Kieldrecht (Beveren)";"BEL"
"1288";"3640";"Kinrooi";"BEL"
"1289";"3990";"Kleine-Brogel";"BEL"
"1290";"3740";"Kleine-Spouwen";"BEL"
"1291";"3870";"Klein-Gelmen";"BEL"
"1292";"8420";"Klemskerke";"BEL"
"1293";"8650";"Klerken";"BEL"
"1294";"9690";"Kluisbergen";"BEL"
"1295";"9940";"Kluizen";"BEL"
"1296";"9910";"Knesselare";"BEL"
"1297";"8300";"Knokke";"BEL"
"1298";"8300";"Knokke-Heist";"BEL"
"1299";"1730";"Kobbegem";"BEL"
"1300";"8680";"Koekelare";"BEL"
"1301";"1081";"Koekelberg";"BEL"
"1302";"3582";"Koersel";"BEL"
"1303";"8670";"Koksijde";"BEL"
"1304";"3840";"Kolmont (Borgloon)";"BEL"
"1305";"3700";"Kolmont (Tongeren)";"BEL"
"1306";"7780";"Komen";"BEL"
"1307";"7780";"Komen-Waasten";"BEL"
"1308";"2500";"Koningshooikt";"BEL"
"1309";"3700";"Koninksem";"BEL"
"1310";"2550";"Kontich";"BEL"
"1311";"8510";"Kooigem";"BEL"
"1312";"8000";"Koolkerke";"BEL"
"1313";"8851";"Koolskamp";"BEL"
"1314";"3060";"Korbeek-Dijle";"BEL"
"1315";"3360";"Korbeek-Lo";"BEL"
"1316";"8610";"Kortemark";"BEL"
"1317";"3470";"Kortenaken";"BEL"
"1318";"3070";"Kortenberg";"BEL"
"1319";"3720";"Kortessem";"BEL"
"1320";"3890";"Kortijs";"BEL"
"1321";"8500";"Kortrijk";"BEL"
"1322";"3220";"Kortrijk-Dutsel";"BEL"
"1323";"3850";"Kozen";"BEL"
"1324";"1950";"Kraainem";"BEL"
"1325";"8972";"Krombeke";"BEL"
"1326";"9150";"Kruibeke";"BEL"
"1327";"9770";"Kruishoutem";"BEL"
"1328";"3300";"Kumtich";"BEL"
"1329";"3511";"Kuringen";"BEL"
"1330";"3840";"Kuttekoven";"BEL"
"1331";"8520";"Kuurne";"BEL"
"1332";"3945";"Kwaadmechelen";"BEL"
"1333";"9690";"Kwaremont";"BEL"
"1334";"7080";"La Bouverie";"BEL"
"1335";"5080";"La Bruy?re";"BEL"
"1336";"4720";"La Calamine";"BEL"
"1337";"7611";"La Glanerie";"BEL"
"1338";"4987";"La Gleize";"BEL"
"1339";"7170";"La Hestre";"BEL"
"1340";"1310";"La Hulpe";"BEL"
"1341";"7100";"La Louvi?re";"BEL"
"1342";"4910";"La Reid";"BEL"
"1343";"6980";"La Roche-en-Ardenne";"BEL"
"1344";"2430";"Laakdal";"BEL"
"1345";"3400";"Laar";"BEL"
"1346";"9270";"Laarne";"BEL"
"1347";"6567";"Labuissi?re";"BEL"
"1348";"6821";"Lacuisine";"BEL"
"1349";"7950";"Ladeuze";"BEL"
"1350";"1020";"Laeken (Bruxelles)";"BEL"
"1351";"5550";"Lafor?t";"BEL"
"1352";"7890";"Lahamaide";"BEL"
"1353";"1020";"Laken (Brussel)";"BEL"
"1354";"7522";"Lamain";"BEL"
"1355";"4800";"Lambermont";"BEL"
"1356";"6220";"Lambusart";"BEL"
"1357";"4350";"Lamine";"BEL"
"1358";"4210";"Lamontz?e";"BEL"
"1359";"6767";"Lamorteau";"BEL"
"1360";"8600";"Lampernisse";"BEL"
"1361";"3620";"Lanaken";"BEL"
"1362";"4600";"Lanaye";"BEL"
"1363";"9850";"Landegem";"BEL"
"1364";"6111";"Landelies";"BEL"
"1365";"3400";"Landen";"BEL"
"1366";"5300";"Landenne";"BEL"
"1367";"9860";"Landskouter";"BEL"
"1368";"5651";"Laneffe";"BEL"
"1369";"3201";"Langdorp";"BEL"
"1370";"8920";"Langemark";"BEL"
"1371";"8920";"Langemark-Poelkapelle";"BEL"
"1372";"3650";"Lanklaar";"BEL"
"1373";"7800";"Lanquesaint";"BEL"
"1374";"4450";"Lantin";"BEL"
"1375";"4300";"Lantremange";"BEL"
"1376";"7622";"Laplaigne";"BEL"
"1377";"8340";"Lapscheure";"BEL"
"1378";"1380";"Lasne";"BEL"
"1379";"1380";"Lasne-Chapelle-Saint-Lambert";"BEL"
"1380";"1370";"Lathuy";"BEL"
"1381";"4261";"Latinne";"BEL"
"1382";"6761";"Latour";"BEL"
"1383";"3700";"Lauw";"BEL"
"1384";"8930";"Lauwe";"BEL"
"1385";"6681";"Lavacherie";"BEL"
"1386";"5580";"Lavaux-Sainte-Anne";"BEL"
"1387";"4217";"Lavoir";"BEL"
"1388";"5670";"Le Mesnil";"BEL"
"1389";"7070";"Le Roeulx";"BEL"
"1390";"5070";"Le Roux";"BEL"
"1391";"9280";"Lebbeke";"BEL"
"1392";"1320";"l'Ecluse";"BEL"
"1393";"9340";"Lede";"BEL"
"1394";"9050";"Ledeberg (Gent)";"BEL"
"1395";"8880";"Ledegem";"BEL"
"1396";"3061";"Leefdaal";"BEL"
"1397";"1755";"Leerbeek";"BEL"
"1398";"6142";"Leernes";"BEL"
"1399";"6530";"Leers-et-Fosteau";"BEL"
"1400";"7730";"Leers-Nord";"BEL"
"1401";"2811";"Leest";"BEL"
"1402";"9620";"Leeuwergem";"BEL"
"1403";"8432";"Leffinge";"BEL"
"1404";"6860";"L?glise";"BEL"
"1405";"5590";"Leignon";"BEL"
"1406";"8691";"Leisele";"BEL"
"1407";"8600";"Leke";"BEL"
"1408";"1502";"Lembeek";"BEL"
"1409";"9971";"Lembeke";"BEL"
"1410";"9820";"Lemberge";"BEL"
"1411";"8860";"Lendelede";"BEL"
"1412";"1750";"Lennik";"BEL"
"1413";"7870";"Lens";"BEL"
"1414";"4280";"Lens-Saint-Remy";"BEL"
"1415";"4250";"Lens-Saint-Servais";"BEL"
"1416";"4360";"Lens-sur-Geer";"BEL"
"1417";"3970";"Leopoldsburg";"BEL"
"1418";"4560";"Les Avins";"BEL"
"1419";"6210";"Les Bons Villers";"BEL"
"1420";"6811";"Les Bulles";"BEL"
"1421";"6830";"Les Hayons";"BEL"
"1422";"4317";"Les Waleffes";"BEL"
"1423";"6464";"l'Escaill?re";"BEL"
"1424";"7621";"Lesdain";"BEL"
"1425";"7860";"Lessines";"BEL"
"1426";"5580";"Lessive";"BEL"
"1427";"6953";"Lesterny";"BEL"
"1428";"5170";"Lesve";"BEL"
"1429";"7850";"Lettelingen";"BEL"
"1430";"9521";"Letterhoutem";"BEL"
"1431";"6500";"Leugnies";"BEL"
"1432";"9700";"Leupegem";"BEL"
"1433";"3630";"Leut";"BEL"
"1434";"3000";"Leuven";"BEL"
"1435";"5310";"Leuze (Nam.)";"BEL"
"1436";"7900";"Leuze-en-Hainaut";"BEL"
"1437";"6500";"Leval-Chaudeville";"BEL"
"1438";"7134";"Leval-Trahegnies";"BEL"
"1439";"6238";"Liberchies";"BEL"
"1440";"6890";"Libin";"BEL"
"1441";"6800";"Libramont-Chevigny";"BEL"
"1442";"2460";"Lichtaart";"BEL"
"1443";"8810";"Lichtervelde";"BEL"
"1444";"1770";"Liedekerke";"BEL"
"1445";"9400";"Lieferinge";"BEL"
"1446";"4000";"Li?ge";"BEL"
"1447";"4020";"Li?ge";"BEL"
"1448";"4030";"Li?ge";"BEL"
"1449";"2500";"Lier";"BEL"
"1450";"9570";"Lierde";"BEL"
"1451";"4990";"Lierneux";"BEL"
"1452";"5310";"Liernu";"BEL"
"1453";"4042";"Liers";"BEL"
"1454";"2870";"Liezele";"BEL"
"1455";"7812";"Ligne";"BEL"
"1456";"4254";"Ligney";"BEL"
"1457";"5140";"Ligny";"BEL"
"1458";"2275";"Lille";"BEL"
"1459";"2040";"Lillo";"BEL"
"1460";"1428";"Lillois-Witterz?e";"BEL"
"1461";"1300";"Limal";"BEL"
"1462";"4830";"Limbourg";"BEL"
"1463";"1342";"Limelette";"BEL"
"1464";"6670";"Limerl?";"BEL"
"1465";"4357";"Limont";"BEL"
"1466";"4287";"Lincent";"BEL"
"1467";"3210";"Linden";"BEL"
"1468";"1630";"Linkebeek";"BEL"
"1469";"3560";"Linkhout";"BEL"
"1470";"1357";"Linsmeau";"BEL"
"1471";"2547";"Lint";"BEL"
"1472";"3350";"Linter";"BEL"
"1473";"2890";"Lippelo";"BEL"
"1474";"5501";"Lisogne";"BEL"
"1475";"8380";"Lissewege";"BEL"
"1476";"5101";"Lives-sur-Meuse";"BEL"
"1477";"4600";"Lixhe";"BEL"
"1478";"8647";"Lo";"BEL"
"1479";"6540";"Lobbes";"BEL"
"1480";"9080";"Lochristi";"BEL"
"1481";"6042";"Lodelinsart";"BEL"
"1482";"2990";"Loenhout";"BEL"
"1483";"8958";"Loker";"BEL"
"1484";"9160";"Lokeren";"BEL"
"1485";"3545";"Loksbergen";"BEL"
"1486";"8434";"Lombardsijde";"BEL"
"1487";"7870";"Lombise";"BEL"
"1488";"3920";"Lommel";"BEL"
"1489";"4783";"Lommersweiler";"BEL"
"1490";"6463";"Lompret";"BEL"
"1491";"6924";"Lomprez";"BEL"
"1492";"4431";"Loncin";"BEL"
"1493";"1840";"Londerzeel";"BEL"
"1494";"6688";"Longchamps (Lux.)";"BEL"
"1495";"5310";"Longchamps (Nam.)";"BEL"
"1496";"6840";"Longlier";"BEL"
"1497";"1325";"Longueville";"BEL"
"1498";"6600";"Longvilly";"BEL"
"1499";"4710";"Lontzen";"BEL"
"1500";"5030";"Lonz?e";"BEL"
"1501";"3040";"Loonbeek";"BEL"
"1502";"8210";"Loppem";"BEL"
"1503";"4987";"Lorc?";"BEL"
"1504";"8647";"Lo-Reninge";"BEL"
"1505";"1651";"Lot";"BEL"
"1506";"9880";"Lotenhulle";"BEL"
"1507";"5575";"Louette-Saint-Denis";"BEL"
"1508";"5575";"Louette-Saint-Pierre";"BEL"
"1509";"1471";"Loupoigne";"BEL"
"1510";"1348";"Louvain-la-Neuve";"BEL"
"1511";"4141";"Louveign?";"BEL"
"1512";"9920";"Lovendegem";"BEL"
"1513";"3360";"Lovenjoel";"BEL"
"1514";"6280";"Loverval";"BEL"
"1515";"5101";"Loyers";"BEL"
"1516";"3210";"Lubbeek";"BEL"
"1517";"7700";"Luingne";"BEL"
"1518";"3560";"Lummen";"BEL"
"1519";"5170";"Lustin";"BEL"
"1520";"6238";"Luttre";"BEL"
"1521";"9680";"Maarkedal";"BEL"
"1522";"9680";"Maarke-Kerkem";"BEL"
"1523";"3680";"Maaseik";"BEL"
"1524";"3630";"Maasmechelen";"BEL"
"1525";"6663";"Mabompr?";"BEL"
"1526";"1830";"Machelen (Bt.)";"BEL"
"1527";"9870";"Machelen (O.-Vl.)";"BEL"
"1528";"6591";"Macon";"BEL"
"1529";"6593";"Macquenoise";"BEL"
"1530";"5374";"Maffe";"BEL"
"1531";"7810";"Maffle";"BEL"
"1532";"4623";"Magn?e";"BEL"
"1533";"5330";"Maillen";"BEL"
"1534";"7812";"Mainvault";"BEL"
"1535";"7020";"Maisi?res";"BEL"
"1536";"6852";"Maissin";"BEL"
"1537";"5300";"Maizeret";"BEL"
"1538";"3700";"Mal";"BEL"
"1539";"9990";"Maldegem";"BEL"
"1540";"1840";"Malderen";"BEL"
"1541";"6960";"Malempr?";"BEL"
"1542";"1360";"Mal?ves-Sainte-Marie-Wastines";"BEL"
"1543";"2390";"Malle";"BEL"
"1544";"4960";"Malmedy";"BEL"
"1545";"5020";"Malonne";"BEL"
"1546";"5575";"Malvoisin";"BEL"
"1547";"7170";"Manage";"BEL"
"1548";"4760";"Manderfeld";"BEL"
"1549";"6960";"Manhay";"BEL"
"1550";"8433";"Mannekensvere";"BEL"
"1551";"1380";"Maransart";"BEL"
"1552";"1495";"Marbais (Bt.)";"BEL"
"1553";"6120";"Marbaix (Ht.)";"BEL"
"1554";"6724";"Marbehan";"BEL"
"1555";"6900";"Marche-en-Famenne";"BEL"
"1556";"5024";"Marche-les-Dames";"BEL"
"1557";"7190";"Marche-lez-Ecaussinnes";"BEL"
"1558";"6030";"Marchienne-au-Pont";"BEL"
"1559";"4570";"Marchin";"BEL"
"1560";"7387";"Marchipont";"BEL"
"1561";"5380";"Marchovelette";"BEL"
"1562";"6001";"Marcinelle";"BEL"
"1563";"6987";"Marcourt";"BEL"
"1564";"7850";"Marcq";"BEL"
"1565";"6990";"Marenne";"BEL"
"1566";"9030";"Mariakerke (Gent)";"BEL"
"1567";"2880";"Mariekerke (Bornem)";"BEL"
"1568";"5660";"Mariembourg";"BEL"
"1569";"1350";"Marilles";"BEL"
"1570";"7850";"Mark";"BEL"
"1571";"8510";"Marke (Kortrijk)";"BEL"
"1572";"8720";"Markegem";"BEL"
"1573";"4210";"Marneffe";"BEL"
"1574";"7522";"Marquain";"BEL"
"1575";"6630";"Martelange";"BEL"
"1576";"3742";"Martenslinde";"BEL"
"1577";"5573";"Martouzin-Neuville";"BEL"
"1578";"6953";"Masbourg";"BEL"
"1579";"7050";"Masnuy-Saint-Jean (Jurbise)";"BEL"
"1580";"7050";"Masnuy-Saint-Pierre";"BEL"
"1581";"9230";"Massemen";"BEL"
"1582";"2240";"Massenhoven";"BEL"
"1583";"5680";"Matagne-la-Grande";"BEL"
"1584";"5680";"Matagne-la-Petite";"BEL"
"1585";"9700";"Mater";"BEL"
"1586";"7640";"Maubray";"BEL"
"1587";"7534";"Maulde";"BEL"
"1588";"7110";"Maurage";"BEL"
"1589";"5670";"Maz?e";"BEL"
"1590";"1745";"Mazenzele";"BEL"
"1591";"5032";"Mazy";"BEL"
"1592";"5372";"M?an";"BEL"
"1593";"2800";"Mechelen";"BEL"
"1594";"3630";"Mechelen-aan-de-Maas";"BEL"
"1595";"3870";"Mechelen-Bovelingen";"BEL"
"1596";"4219";"Meeffe";"BEL"
"1597";"3391";"Meensel-Kiezegem";"BEL"
"1598";"2321";"Meer";"BEL"
"1599";"3078";"Meerbeek";"BEL"
"1600";"9402";"Meerbeke";"BEL"
"1601";"9170";"Meerdonk";"BEL"
"1602";"2450";"Meerhout";"BEL"
"1603";"2328";"Meerle";"BEL"
"1604";"3630";"Meeswijk";"BEL"
"1605";"8377";"Meetkerke";"BEL"
"1606";"3670";"Meeuwen";"BEL"
"1607";"3670";"Meeuwen-Gruitrode";"BEL"
"1608";"5310";"Mehaigne";"BEL"
"1609";"9800";"Meigem";"BEL"
"1610";"9630";"Meilegem";"BEL"
"1611";"1860";"Meise";"BEL"
"1612";"6769";"Meix-Devant-Virton";"BEL"
"1613";"6747";"Meix-le-Tige";"BEL"
"1614";"9700";"Melden";"BEL"
"1615";"3320";"Meldert (Bt.)";"BEL"
"1616";"3560";"Meldert (Limb.)";"BEL"
"1617";"9310";"Meldert (O.-Vl.)";"BEL"
"1618";"4633";"Melen";"BEL"
"1619";"1370";"M?lin";"BEL"
"1620";"3350";"Melkwezer";"BEL"
"1621";"9090";"Melle";"BEL"
"1622";"1495";"Mellery";"BEL"
"1623";"7540";"Melles";"BEL"
"1624";"6211";"Mellet";"BEL"
"1625";"6860";"Mellier";"BEL"
"1626";"1820";"Melsbroek";"BEL"
"1627";"9120";"Melsele";"BEL"
"1628";"9820";"Melsen";"BEL"
"1629";"4837";"Membach";"BEL"
"1630";"5550";"Membre";"BEL"
"1631";"3770";"Membruggen";"BEL"
"1632";"9042";"Mendonk";"BEL"
"1633";"8930";"Menen";"BEL"
"1634";"6567";"Merbes-le-Ch?teau";"BEL"
"1635";"6567";"Merbes-Sainte-Marie";"BEL"
"1636";"1785";"Merchtem";"BEL"
"1637";"4280";"Merdorp";"BEL"
"1638";"9420";"Mere";"BEL"
"1639";"9820";"Merelbeke";"BEL"
"1640";"9850";"Merendree";"BEL"
"1641";"8650";"Merkem";"BEL"
"1642";"2170";"Merksem (Antwerpen)";"BEL"
"1643";"2330";"Merksplas";"BEL"
"1644";"5600";"Merlemont";"BEL"
"1645";"8957";"Mesen";"BEL"
"1646";"7822";"Meslin-l'Ev?que";"BEL"
"1647";"5560";"Mesnil-Eglise";"BEL"
"1648";"5560";"Mesnil-Saint-Blaise";"BEL"
"1649";"9200";"Mespelare";"BEL"
"1650";"6780";"Messancy";"BEL"
"1651";"3272";"Messelbroek";"BEL"
"1652";"8957";"Messines";"BEL"
"1653";"7022";"Mesvin";"BEL"
"1654";"3870";"Mettekoven";"BEL"
"1655";"5640";"Mettet";"BEL"
"1656";"8760";"Meulebeke";"BEL"
"1657";"5081";"Meux";"BEL"
"1658";"7942";"M?vergnies-lez-Lens";"BEL"
"1659";"4770";"Meyerode";"BEL"
"1660";"9660";"Michelbeke";"BEL"
"1661";"4630";"Micheroux";"BEL"
"1662";"9992";"Middelburg";"BEL"
"1663";"8430";"Middelkerke";"BEL"
"1664";"5376";"Mi?cret";"BEL"
"1665";"3891";"Mielen-Boven-Aalst";"BEL"
"1666";"7070";"Mignault";"BEL"
"1667";"3770";"Millen";"BEL"
"1668";"4041";"Milmort";"BEL"
"1669";"2322";"Minderhout";"BEL"
"1670";"6870";"Mirwart";"BEL"
"1671";"4577";"Modave";"BEL"
"1672";"3790";"Moelingen";"BEL"
"1673";"8552";"Moen";"BEL"
"1674";"9500";"Moerbeke";"BEL"
"1675";"9180";"Moerbeke-Waas";"BEL"
"1676";"8470";"Moere";"BEL"
"1677";"8340";"Moerkerke";"BEL"
"1678";"9220";"Moerzeke";"BEL"
"1679";"7700";"Moeskroen";"BEL"
"1680";"4520";"Moha";"BEL"
"1681";"5361";"Mohiville";"BEL"
"1682";"5060";"Moignel?e";"BEL"
"1683";"6800";"Moircy";"BEL"
"1684";"2400";"Mol";"BEL"
"1685";"7760";"Molenbaix";"BEL"
"1686";"1080";"Molenbeek-Saint-Jean";"BEL"
"1687";"3461";"Molenbeek-Wersbeek";"BEL"
"1688";"3640";"Molenbeersel";"BEL"
"1689";"3294";"Molenstede";"BEL"
"1690";"1730";"Mollem";"BEL"
"1691";"4350";"Momalle";"BEL"
"1692";"6590";"Momignies";"BEL"
"1693";"5555";"Monceau-en-Ardenne";"BEL"
"1694";"6592";"Monceau-Imbrechies";"BEL"
"1695";"6031";"Monceau-sur-Sambre";"BEL"
"1696";"7000";"Mons";"BEL"
"1697";"4400";"Mons-lez-Li?ge";"BEL"
"1698";"1400";"Monstreux";"BEL"
"1699";"6661";"Mont (Lux.)";"BEL"
"1700";"5530";"Mont (Nam.)";"BEL"
"1701";"6470";"Montbliart";"BEL"
"1702";"7750";"Mont-de-l'Enclus";"BEL"
"1703";"4420";"Montegn?e";"BEL"
"1704";"3890";"Montenaken";"BEL"
"1705";"5580";"Mont-Gauthier";"BEL"
"1706";"7870";"Montignies-lez-Lens";"BEL"
"1707";"6560";"Montignies-Saint-Christophe";"BEL"
"1708";"7387";"Montignies-sur-Roc";"BEL"
"1709";"6061";"Montignies-sur-Sambre";"BEL"
"1710";"6110";"Montigny-le-Tilleul";"BEL"
"1711";"6674";"Montleban";"BEL"
"1712";"7911";"Montroeul-au-Bois";"BEL"
"1713";"7350";"Montroeul-sur-Haine";"BEL"
"1714";"1367";"Mont-Saint-Andr?";"BEL"
"1715";"7542";"Mont-Saint-Aubert";"BEL"
"1716";"7141";"Mont-Sainte-Aldegonde";"BEL"
"1717";"6540";"Mont-Sainte-Genevi?ve";"BEL"
"1718";"1435";"Mont-Saint-Guibert";"BEL"
"1719";"6032";"Mont-sur-Marchienne";"BEL"
"1720";"4850";"Montzen";"BEL"
"1721";"9310";"Moorsel";"BEL"
"1722";"8560";"Moorsele";"BEL"
"1723";"8890";"Moorslede";"BEL"
"1724";"9860";"Moortsele";"BEL"
"1725";"3740";"Mopertingen";"BEL"
"1726";"9790";"Moregem";"BEL"
"1727";"4850";"Moresnet";"BEL"
"1728";"6640";"Morhet";"BEL"
"1729";"5621";"Morialm?";"BEL"
"1730";"2200";"Morkhoven";"BEL"
"1731";"7140";"Morlanwelz";"BEL"
"1732";"7140";"Morlanwelz-Mariemont";"BEL"
"1733";"6997";"Mormont";"BEL"
"1734";"5190";"Mornimont";"BEL"
"1735";"4670";"Mortier";"BEL"
"1736";"4607";"Mortroux";"BEL"
"1737";"2640";"Mortsel";"BEL"
"1738";"5620";"Morville";"BEL"
"1739";"3790";"Mouland";"BEL"
"1740";"7812";"Moulbaix";"BEL"
"1741";"7543";"Mourcourt";"BEL"
"1742";"7700";"Mouscron";"BEL"
"1743";"7911";"Moustier (Ht.)";"BEL"
"1744";"5190";"Moustier-sur-Sambre";"BEL"
"1745";"5550";"Mouzaive";"BEL"
"1746";"4280";"Moxhe";"BEL"
"1747";"5340";"Mozet";"BEL"
"1748";"3891";"Muizen (Limb.)";"BEL"
"1749";"2812";"Muizen (Mechelen)";"BEL"
"1750";"9700";"Mullem";"BEL"
"1751";"9630";"Munkzwalm";"BEL"
"1752";"6820";"Muno";"BEL"
"1753";"3740";"Munsterbilzen";"BEL"
"1754";"9820";"Munte";"BEL"
"1755";"6750";"Musson";"BEL"
"1756";"6750";"Mussy-la-Ville";"BEL"
"1757";"4190";"My";"BEL"
"1758";"7062";"Naast";"BEL"
"1759";"6660";"Nadrin";"BEL"
"1760";"5550";"Nafraiture";"BEL"
"1761";"6120";"Nalinnes";"BEL"
"1762";"5300";"Nam?che";"BEL"
"1763";"5000";"Namur";"BEL"
"1764";"4550";"Nandrin";"BEL"
"1765";"5100";"Naninne";"BEL"
"1766";"5555";"Naom?";"BEL"
"1767";"6950";"Nassogne";"BEL"
"1768";"5360";"Natoye";"BEL"
"1769";"1110";"NAVO - NATO";"BEL"
"1770";"9810";"Nazareth";"BEL"
"1771";"7730";"N?chin";"BEL"
"1772";"9500";"Nederboelare";"BEL"
"1773";"9660";"Nederbrakel";"BEL"
"1774";"9700";"Nederename";"BEL"
"1775";"9400";"Nederhasselt";"BEL"
"1776";"1910";"Nederokkerzeel";"BEL"
"1777";"1120";"Neder-Over-Heembeek (Bru.)";"BEL"
"1778";"9636";"Nederzwalm-Hermelgem";"BEL"
"1779";"3670";"Neerglabbeek";"BEL"
"1780";"3620";"Neerharen";"BEL"
"1781";"3350";"Neerhespen";"BEL"
"1782";"1357";"Neerheylissem";"BEL"
"1783";"3040";"Neerijse";"BEL"
"1784";"3404";"Neerlanden";"BEL"
"1785";"3350";"Neerlinter";"BEL"
"1786";"3680";"Neeroeteren";"BEL"
"1787";"3910";"Neerpelt";"BEL"
"1788";"3700";"Neerrepen";"BEL"
"1789";"3370";"Neervelp";"BEL"
"1790";"7784";"Neerwaasten";"BEL"
"1791";"3400";"Neerwinden";"BEL"
"1792";"9403";"Neigem";"BEL"
"1793";"3700";"Nerem";"BEL"
"1794";"4870";"Nessonvaux";"BEL"
"1795";"1390";"Nethen";"BEL"
"1796";"5377";"Nettinne";"BEL"
"1797";"6840";"Neufch?teau";"BEL"
"1798";"4608";"Neufch?teau (Lg.)";"BEL"
"1799";"7332";"Neufmaison";"BEL"
"1800";"7063";"Neufvilles";"BEL"
"1801";"4721";"Neu-Moresnet";"BEL"
"1802";"4120";"Neupr?";"BEL"
"1803";"5600";"Neuville (Philippeville)";"BEL"
"1804";"4121";"Neuville-en-Condroz";"BEL"
"1805";"9850";"Nevele";"BEL"
"1806";"2845";"Niel";"BEL"
"1807";"3668";"Niel-bij-As";"BEL"
"1808";"3890";"Niel-bij-Sint-Truiden";"BEL"
"1809";"9506";"Nieuwenhove";"BEL"
"1810";"1880";"Nieuwenrode";"BEL"
"1811";"9320";"Nieuwerkerken (Aalst)";"BEL"
"1812";"3850";"Nieuwerkerken (Limb.)";"BEL"
"1813";"8600";"Nieuwkapelle";"BEL"
"1814";"8950";"Nieuwkerke";"BEL"
"1815";"9100";"Nieuwkerken-Waas";"BEL"
"1816";"8377";"Nieuwmunster";"BEL"
"1817";"8620";"Nieuwpoort";"BEL"
"1818";"3221";"Nieuwrode";"BEL"
"1819";"2560";"Nijlen";"BEL"
"1820";"1457";"Nil-Saint-Vincent-Saint-Martin";"BEL"
"1821";"7020";"Nimy";"BEL"
"1822";"9400";"Ninove";"BEL"
"1823";"5670";"Nismes";"BEL"
"1824";"1400";"Nivelles";"BEL"
"1825";"5680";"Niverl?e";"BEL"
"1826";"6640";"Nives";"BEL"
"1827";"6717";"Nobressart";"BEL"
"1828";"1320";"Nodebais";"BEL"
"1829";"1350";"Noduwez";"BEL"
"1830";"7080";"Noirchain";"BEL"
"1831";"6831";"Noirefontaine";"BEL"
"1832";"5377";"Noiseux";"BEL"
"1833";"9771";"Nokere";"BEL"
"1834";"6851";"Nollevaux";"BEL"
"1835";"2200";"Noorderwijk";"BEL"
"1836";"8647";"Noordschote";"BEL"
"1837";"1930";"Nossegem";"BEL"
"1838";"6717";"Nothomb";"BEL"
"1839";"7022";"Nouvelles";"BEL"
"1840";"4347";"Noville (Lg.)";"BEL"
"1841";"6600";"Noville (Lux.)";"BEL"
"1842";"5380";"Noville-les-Bois";"BEL"
"1843";"5310";"Noville-sur-M?haigne";"BEL"
"1844";"9681";"Nukerke";"BEL"
"1845";"6230";"Obaix";"BEL"
"1846";"7743";"Obigies";"BEL"
"1847";"7034";"Obourg";"BEL"
"1848";"6890";"Ochamps";"BEL"
"1849";"4560";"Ocquier";"BEL"
"1850";"6960";"Odeigne";"BEL"
"1851";"4367";"Odeur";"BEL"
"1852";"8730";"Oedelem";"BEL"
"1853";"8800";"Oekene";"BEL"
"1854";"2520";"Oelegem";"BEL"
"1855";"8690";"Oeren";"BEL"
"1856";"8720";"Oeselgem";"BEL"
"1857";"1755";"Oetingen";"BEL"
"1858";"7911";"Oeudeghien";"BEL"
"1859";"2260";"Oevel";"BEL"
"1860";"6850";"Offagne";"BEL"
"1861";"7862";"Ogy";"BEL"
"1862";"1380";"Ohain";"BEL"
"1863";"5350";"Ohey";"BEL"
"1864";"5670";"Oignies-en-Thi?rache";"BEL"
"1865";"1480";"Oisquercq";"BEL"
"1866";"5555";"Oizy";"BEL"
"1867";"9400";"Okegem";"BEL"
"1868";"2250";"Olen";"BEL"
"1869";"4300";"Oleye";"BEL"
"1870";"7866";"Ollignies";"BEL"
"1871";"5670";"Olloy-sur-Viroin";"BEL"
"1872";"2491";"Olmen";"BEL"
"1873";"4877";"Olne";"BEL"
"1874";"9870";"Olsene";"BEL"
"1875";"4252";"Omal";"BEL"
"1876";"4540";"Ombret";"BEL"
"1877";"5600";"Omez?e";"BEL"
"1878";"6900";"On";"BEL"
"1879";"5520";"Onhaye";"BEL"
"1880";"9500";"Onkerzele";"BEL"
"1881";"7387";"Onnezies";"BEL"
"1882";"5190";"Onoz";"BEL"
"1883";"1760";"Onze-Lieve-Vrouw-Lombeek";"BEL"
"1884";"2861";"Onze-Lieve-Vrouw-Waver";"BEL"
"1885";"8710";"Ooigem";"BEL"
"1886";"9790";"Ooike (Wortegem-Petegem)";"BEL"
"1887";"9620";"Oombergen (Zottegem)";"BEL"
"1888";"3300";"Oorbeek";"BEL"
"1889";"9340";"Oordegem";"BEL"
"1890";"9041";"Oostakker";"BEL"
"1891";"8670";"Oostduinkerke";"BEL"
"1892";"9968";"Oosteeklo";"BEL"
"1893";"8400";"Oostende";"BEL"
"1894";"9860";"Oosterzele";"BEL"
"1895";"3945";"Oostham";"BEL"
"1896";"8020";"Oostkamp";"BEL"
"1897";"8340";"Oostkerke (Damme)";"BEL"
"1898";"8600";"Oostkerke (Diksmuide)";"BEL"
"1899";"2390";"Oostmalle";"BEL"
"1900";"8840";"Oostnieuwkerke";"BEL"
"1901";"8780";"Oostrozebeke";"BEL"
"1902";"8640";"Oostvleteren";"BEL"
"1903";"9931";"Oostwinkel";"BEL"
"1904";"9660";"Opbrakel";"BEL"
"1905";"9255";"Opdorp";"BEL"
"1906";"3660";"Opglabbeek";"BEL"
"1907";"3630";"Opgrimbie";"BEL"
"1908";"1421";"Ophain-Bois-Seigneur-Isaac";"BEL"
"1909";"9500";"Ophasselt";"BEL"
"1910";"3870";"Opheers";"BEL"
"1911";"1357";"Opheylissem";"BEL"
"1912";"3640";"Ophoven";"BEL"
"1913";"3960";"Opitter";"BEL"
"1914";"3300";"Oplinter";"BEL"
"1915";"3680";"Opoeteren";"BEL"
"1916";"6852";"Opont";"BEL"
"1917";"1315";"Opprebais";"BEL"
"1918";"2890";"Oppuurs";"BEL"
"1919";"3360";"Opvelp";"BEL"
"1920";"1745";"Opwijk";"BEL"
"1921";"1360";"Orbais";"BEL"
"1922";"5550";"Orchimont";"BEL"
"1923";"7501";"Orcq";"BEL"
"1924";"3800";"Ordingen";"BEL"
"1925";"5640";"Oret";"BEL"
"1926";"4360";"Oreye";"BEL"
"1927";"1031";"Organisations Sociales Chr?tiennes";"BEL"
"1928";"6880";"Orgeo";"BEL"
"1929";"7802";"Ormeignies";"BEL"
"1930";"1350";"Orp-Jauche";"BEL"
"1931";"1350";"Orp-le-Grand";"BEL"
"1932";"7750";"Orroir";"BEL"
"1933";"3350";"Orsmaal-Gussenhoven";"BEL"
"1934";"6983";"Ortho";"BEL"
"1935";"7804";"Ostiches";"BEL"
"1936";"1110";"OTAN - NATO";"BEL"
"1937";"8553";"Otegem";"BEL"
"1938";"4210";"Oteppe";"BEL"
"1939";"4340";"Oth?e";"BEL"
"1940";"4360";"Otrange";"BEL"
"1941";"3040";"Ottenburg";"BEL"
"1942";"9420";"Ottergem";"BEL"
"1943";"1340";"Ottignies";"BEL"
"1944";"1340";"Ottignies-Louvain-la-Neuve";"BEL"
"1945";"9200";"Oudegem";"BEL"
"1946";"8600";"Oudekapelle";"BEL"
"1947";"9700";"Oudenaarde";"BEL"
"1948";"1600";"Oudenaken";"BEL"
"1949";"8460";"Oudenburg";"BEL"
"1950";"1160";"Oudergem";"BEL"
"1951";"3050";"Oud-Heverlee";"BEL"
"1952";"2360";"Oud-Turnhout";"BEL"
"1953";"4590";"Ouffet";"BEL"
"1954";"4102";"Ougr?e";"BEL"
"1955";"4680";"Oupeye";"BEL"
"1956";"9406";"Outer";"BEL"
"1957";"3321";"Outgaarden";"BEL"
"1958";"4577";"Outrelouxhe";"BEL"
"1959";"8582";"Outrijve";"BEL"
"1960";"9750";"Ouwegem";"BEL"
"1961";"9500";"Overboelare";"BEL"
"1962";"3350";"Overhespen";"BEL"
"1963";"3090";"Overijse";"BEL"
"1964";"9290";"Overmere";"BEL"
"1965";"3900";"Overpelt";"BEL"
"1966";"3700";"Overrepen (Kolmont)";"BEL"
"1967";"3400";"Overwinden";"BEL"
"1968";"3583";"Paal";"BEL"
"1969";"4452";"Paifve";"BEL"
"1970";"4560";"Pailhe";"BEL"
"1971";"6850";"Paliseul";"BEL"
"1972";"1760";"Pamel";"BEL"
"1973";"7861";"Papignies";"BEL"
"1974";"9661";"Parike";"BEL"
"1975";"1012";"Parlement de la Communaut? fran?aise";"BEL"
"1976";"1047";"Parlement Europ?en";"BEL"
"1977";"8980";"Passendale";"BEL"
"1978";"5575";"Patignies";"BEL"
"1979";"7340";"Paturages";"BEL"
"1980";"9630";"Paulatem";"BEL"
"1981";"7740";"Pecq";"BEL"
"1982";"3990";"Peer";"BEL"
"1983";"7120";"Peissant";"BEL"
"1984";"4287";"Pellaines";"BEL"
"1985";"3212";"Pellenberg";"BEL"
"1986";"1670";"Pepingen";"BEL"
"1987";"4860";"Pepinster";"BEL"
"1988";"1820";"Perk";"BEL"
"1989";"7640";"P?ronnes-lez-Antoing";"BEL"
"1990";"7134";"P?ronnes-lez-Binche";"BEL"
"1991";"7600";"P?ruwelz";"BEL"
"1992";"8600";"Pervijze";"BEL"
"1993";"1360";"Perwez";"BEL"
"1994";"5352";"Perwez-Haillot";"BEL"
"1995";"5660";"Pesche";"BEL"
"1996";"5590";"Pessoux";"BEL"
"1997";"9800";"Petegem-aan-de-Leie";"BEL"
"1998";"9790";"Petegem-aan-de-Schelde";"BEL"
"1999";"5660";"Petigny";"BEL"
"2000";"5660";"Petite-Chapelle";"BEL"
"2001";"7850";"Petit-Enghien";"BEL"
"2002";"5555";"Petit-Fays";"BEL"
"2003";"4280";"Petit-Hallet";"BEL"
"2004";"4800";"Petit-Rechain";"BEL"
"2005";"7090";"Petit-Roeulx-lez-Braine";"BEL"
"2006";"7181";"Petit-Roeulx-lez-Nivelles";"BEL"
"2007";"6692";"Petit-Thier";"BEL"
"2008";"1800";"Peutie";"BEL"
"2009";"5600";"Philippeville";"BEL"
"2010";"7160";"Pi?ton";"BEL"
"2011";"1370";"Pi?train";"BEL"
"2012";"1315";"Pi?trebais";"BEL"
"2013";"7904";"Pipaix";"BEL"
"2014";"3700";"Piringen (Haren)";"BEL"
"2015";"6240";"Pironchamps";"BEL"
"2016";"8740";"Pittem";"BEL"
"2017";"4122";"Plainevaux";"BEL"
"2018";"1380";"Plancenoit";"BEL"
"2019";"7782";"Ploegsteert";"BEL"
"2020";"4850";"Plombi?res";"BEL"
"2021";"2275";"Poederlee";"BEL"
"2022";"9880";"Poeke";"BEL"
"2023";"8920";"Poelkapelle";"BEL"
"2024";"9850";"Poesele";"BEL"
"2025";"9401";"Pollare";"BEL"
"2026";"4910";"Polleur";"BEL"
"2027";"8647";"Pollinkhove";"BEL"
"2028";"7322";"Pommeroeul";"BEL"
"2029";"5574";"Pondr?me";"BEL"
"2030";"6230";"Pont-?-Celles";"BEL"
"2031";"6250";"Pont-de-Loup";"BEL"
"2032";"5380";"Pontillas";"BEL"
"2033";"8970";"Poperinge";"BEL"
"2034";"2382";"Poppel";"BEL"
"2035";"7760";"Popuelles";"BEL"
"2036";"6929";"Porcheresse (Lux.)";"BEL"
"2037";"5370";"Porcheresse (Nam.)";"BEL"
"2038";"1100";"Postcheque";"BEL"
"2039";"7760";"Pottes";"BEL"
"2040";"4280";"Poucet";"BEL"
"2041";"4171";"Poulseur";"BEL"
"2042";"6830";"Poupehan";"BEL"
"2043";"4350";"Pousset";"BEL"
"2044";"5660";"Presgaux";"BEL"
"2045";"6250";"Presles";"BEL"
"2046";"5170";"Profondeville";"BEL"
"2047";"1414";"Promo-Control";"BEL"
"2048";"8972";"Proven";"BEL"
"2049";"5650";"Pry";"BEL"
"2050";"2242";"Pulderbos";"BEL"
"2051";"2243";"Pulle";"BEL"
"2052";"5530";"Purnode";"BEL"
"2053";"5550";"Pussemange";"BEL"
"2054";"2580";"Putte";"BEL"
"2055";"2870";"Puurs";"BEL"
"2056";"7390";"Quaregnon";"BEL"
"2057";"7540";"Quartes";"BEL"
"2058";"1430";"Quenast";"BEL"
"2059";"4610";"Queue-du-Bois";"BEL"
"2060";"7972";"Quevaucamps";"BEL"
"2061";"7040";"Qu?vy";"BEL"
"2062";"7040";"Qu?vy-le-Grand";"BEL"
"2063";"7040";"Qu?vy-le-Petit";"BEL"
"2064";"7380";"Qui?vrain";"BEL"
"2065";"1201";"R.T.L. - T.V.I.";"BEL"
"2066";"1006";"Raad Vlaamse Gemeenschapscommissie";"BEL"
"2067";"6792";"Rachecourt";"BEL"
"2068";"4287";"Racour";"BEL"
"2069";"4730";"Raeren";"BEL"
"2070";"6532";"Ragnies";"BEL"
"2071";"4987";"Rahier";"BEL"
"2072";"7971";"Ramegnies";"BEL"
"2073";"7520";"Ramegnies-Chin";"BEL"
"2074";"4557";"Ramelot";"BEL"
"2075";"1367";"Ramillies";"BEL"
"2076";"1880";"Ramsdonk";"BEL"
"2077";"2230";"Ramsel";"BEL"
"2078";"8301";"Ramskapelle (Knokke-Heist)";"BEL"
"2079";"8620";"Ramskapelle (Nieuwpoort)";"BEL"
"2080";"6470";"Rance";"BEL"
"2081";"6043";"Ransart";"BEL"
"2082";"3470";"Ransberg";"BEL"
"2083";"2520";"Ranst";"BEL"
"2084";"2380";"Ravels";"BEL"
"2085";"7804";"Rebaix";"BEL"
"2086";"1430";"Rebecq";"BEL"
"2087";"1430";"Rebecq-Rognon";"BEL"
"2088";"4780";"Recht";"BEL"
"2089";"6800";"Recogne";"BEL"
"2090";"6890";"Redu";"BEL"
"2091";"2840";"Reet";"BEL"
"2092";"3621";"Rekem";"BEL"
"2093";"8930";"Rekkem";"BEL"
"2094";"1731";"Relegem";"BEL"
"2095";"6800";"Remagne";"BEL"
"2096";"3791";"Remersdaal";"BEL"
"2097";"4350";"Remicourt";"BEL"
"2098";"9600";"Renaix";"BEL"
"2099";"6987";"Rendeux";"BEL"
"2100";"8647";"Reninge";"BEL"
"2101";"8970";"Reningelst";"BEL"
"2102";"6500";"Renlies";"BEL"
"2103";"3950";"Reppel";"BEL"
"2104";"7134";"Ressaix";"BEL"
"2105";"9551";"Ressegem";"BEL"
"2106";"6927";"Resteigne";"BEL"
"2107";"2470";"Retie";"BEL"
"2108";"4621";"Retinne";"BEL"
"2109";"4790";"Reuland";"BEL"
"2110";"6210";"R?ves";"BEL"
"2111";"5080";"Rhisnes";"BEL"
"2112";"1640";"Rhode-Saint-Genese";"BEL"
"2113";"4600";"Richelle";"BEL"
"2114";"3770";"Riemst";"BEL"
"2115";"5575";"Rienne";"BEL"
"2116";"6464";"Ri?zes";"BEL"
"2117";"3840";"Rijkel";"BEL"
"2118";"2310";"Rijkevorsel";"BEL"
"2119";"3740";"Rijkhoven";"BEL"
"2120";"1010";"Rijksadministratief Centrum";"BEL"
"2121";"2820";"Rijmenam";"BEL"
"2122";"3700";"Riksingen";"BEL"
"2123";"3202";"Rillaar";"BEL"
"2124";"5170";"Rivi?re";"BEL"
"2125";"1330";"Rixensart";"BEL"
"2126";"6460";"Robechies";"BEL"
"2127";"6769";"Robelmont";"BEL"
"2128";"4950";"Robertville";"BEL"
"2129";"9630";"Roborst";"BEL"
"2130";"5580";"Rochefort";"BEL"
"2131";"6830";"Rochehaut";"BEL"
"2132";"4761";"Rocherath";"BEL"
"2133";"4690";"Roclenge-sur-Geer";"BEL"
"2134";"4000";"Rocourt";"BEL"
"2135";"8972";"Roesbrugge-Haringe";"BEL"
"2136";"8800";"Roeselare";"BEL"
"2137";"5651";"Rogn?e";"BEL"
"2138";"7387";"Roisin";"BEL"
"2139";"8460";"Roksem";"BEL"
"2140";"8510";"Rollegem";"BEL"
"2141";"8880";"Rollegem-Kapelle";"BEL"
"2142";"4347";"Roloux";"BEL"
"2143";"5600";"Roly";"BEL"
"2144";"5600";"Romedenne";"BEL"
"2145";"5680";"Romer?e";"BEL"
"2146";"3730";"Romershoven";"BEL"
"2147";"4624";"Roms?e";"BEL"
"2148";"7623";"Rongy";"BEL"
"2149";"7090";"Ronqui?res";"BEL"
"2150";"9600";"Ronse";"BEL"
"2151";"9932";"Ronsele";"BEL"
"2152";"3370";"Roosbeek";"BEL"
"2153";"1760";"Roosdaal";"BEL"
"2154";"5620";"Ros?e";"BEL"
"2155";"6250";"Roselies";"BEL"
"2156";"1331";"Rosi?res";"BEL"
"2157";"3740";"Rosmeer";"BEL"
"2158";"4257";"Rosoux-Crenwick";"BEL"
"2159";"6730";"Rossignol";"BEL"
"2160";"3650";"Rotem";"BEL"
"2161";"4120";"Rotheux-Rimi?re";"BEL"
"2162";"3110";"Rotselaar";"BEL"
"2163";"7601";"Roucourt";"BEL"
"2164";"7120";"Rouveroy (Ht.)";"BEL"
"2165";"4140";"Rouvreux";"BEL"
"2166";"6767";"Rouvroy";"BEL"
"2167";"6044";"Roux";"BEL"
"2168";"1315";"Roux-Miroir";"BEL"
"2169";"6900";"Roy";"BEL"
"2170";"9630";"Rozebeke";"BEL"
"2171";"1044";"RTBF";"BEL"
"2172";"8020";"Ruddervoorde";"BEL"
"2173";"6760";"Ruette";"BEL"
"2174";"9690";"Ruien";"BEL"
"2175";"2870";"Ruisbroek (Antw.)";"BEL"
"2176";"1601";"Ruisbroek (Bt.)";"BEL"
"2177";"8755";"Ruiselede";"BEL"
"2178";"3870";"Rukkelingen-Loon";"BEL"
"2179";"6724";"Rulles";"BEL"
"2180";"8800";"Rumbeke";"BEL"
"2181";"7610";"Rumes";"BEL"
"2182";"7540";"Rumillies";"BEL"
"2183";"3454";"Rummen";"BEL"
"2184";"3400";"Rumsdorp";"BEL"
"2185";"2840";"Rumst";"BEL"
"2186";"3803";"Runkelen";"BEL"
"2187";"9150";"Rupelmonde";"BEL"
"2188";"7750";"Russeignies";"BEL"
"2189";"3700";"Rutten";"BEL"
"2190";"3798";"'s Gravenvoeren";"BEL"
"2191";"2970";"'s Gravenwezel";"BEL"
"2192";"3700";"'s Herenelderen";"BEL"
"2193";"7010";"S.H.A.P.E. Belgi?";"BEL"
"2194";"7010";"S.H.A.P.E. Belgique";"BEL"
"2195";"6221";"Saint-Amand";"BEL"
"2196";"4606";"Saint-Andr?";"BEL"
"2197";"5620";"Saint-Aubin";"BEL"
"2198";"7034";"Saint-Denis (Ht.)";"BEL"
"2199";"5081";"Saint-Denis-Bovesse";"BEL"
"2200";"6820";"Sainte-C?cile";"BEL"
"2201";"6800";"Sainte-Marie-Chevigny";"BEL"
"2202";"6740";"Sainte-Marie-sur-Semois";"BEL"
"2203";"6680";"Sainte-Ode";"BEL"
"2204";"1480";"Saintes";"BEL"
"2205";"4470";"Saint-Georges-sur-Meuse";"BEL"
"2206";"5640";"Saint-G?rard";"BEL"
"2207";"5310";"Saint-Germain";"BEL"
"2208";"1450";"Saint-G?ry";"BEL"
"2209";"7330";"Saint-Ghislain";"BEL"
"2210";"1060";"Saint-Gilles";"BEL"
"2211";"6870";"Saint-Hubert";"BEL"
"2212";"1370";"Saint-Jean-Geest";"BEL"
"2213";"1210";"Saint-Josse-ten-Noode";"BEL"
"2214";"7730";"Saint-L?ger (Ht.)";"BEL"
"2215";"6747";"Saint-L?ger (Lux.)";"BEL"
"2216";"5003";"Saint-Marc";"BEL"
"2217";"6762";"Saint-Mard";"BEL"
"2218";"5190";"Saint-Martin";"BEL"
"2219";"7500";"Saint-Maur";"BEL"
"2220";"6887";"Saint-M?dard";"BEL"
"2221";"4420";"Saint-Nicolas (Lg.)";"BEL"
"2222";"6800";"Saint-Pierre";"BEL"
"2223";"6460";"Saint-Remy (Ht.)";"BEL"
"2224";"4672";"Saint-Remy (Lg.)";"BEL"
"2225";"1370";"Saint-Remy-Geest";"BEL"
"2226";"7912";"Saint-Sauveur";"BEL"
"2227";"5002";"Saint-Servais";"BEL"
"2228";"4550";"Saint-S?verin";"BEL"
"2229";"7030";"Saint-Symphorien";"BEL"
"2230";"7100";"Saint-Vaast";"BEL"
"2231";"6730";"Saint-Vincent";"BEL"
"2232";"4780";"Saint-Vith";"BEL"
"2233";"4671";"Saive";"BEL"
"2234";"6460";"Salles";"BEL"
"2235";"5600";"Samart";"BEL"
"2236";"5060";"Sambreville";"BEL"
"2237";"6982";"Samr?e";"BEL"
"2238";"4780";"Sankt Vith";"BEL"
"2239";"7080";"Sars-la-Bruy?re";"BEL"
"2240";"6542";"Sars-la-Buissi?re";"BEL"
"2241";"5330";"Sart-Bernard";"BEL"
"2242";"5575";"Sart-Custinne";"BEL"
"2243";"1495";"Sart-Dames-Avelines";"BEL"
"2244";"5600";"Sart-en-Fagne";"BEL"
"2245";"5070";"Sart-Eustache";"BEL"
"2246";"4845";"Sart-lez-Spa";"BEL"
"2247";"5070";"Sart-Saint-Laurent";"BEL"
"2248";"6470";"Sautin";"BEL"
"2249";"5600";"Sautour";"BEL"
"2250";"5030";"Sauveni?re";"BEL"
"2251";"1030";"Schaarbeek";"BEL"
"2252";"1030";"Schaerbeek";"BEL"
"2253";"3290";"Schaffen";"BEL"
"2254";"3732";"Schalkhoven";"BEL"
"2255";"5364";"Schaltin";"BEL"
"2256";"9820";"Schelderode";"BEL"
"2257";"9860";"Scheldewindeke";"BEL"
"2258";"2627";"Schelle";"BEL"
"2259";"9260";"Schellebelle";"BEL"
"2260";"9506";"Schendelbeke";"BEL"
"2261";"1703";"Schepdaal";"BEL"
"2262";"3270";"Scherpenheuvel";"BEL"
"2263";"3270";"Scherpenheuvel-Zichem";"BEL"
"2264";"2970";"Schilde";"BEL"
"2265";"4782";"Schoenberg";"BEL"
"2266";"4782";"Sch?nberg";"BEL"
"2267";"9200";"Schoonaarde";"BEL"
"2268";"8433";"Schore";"BEL"
"2269";"9688";"Schorisse";"BEL"
"2270";"2900";"Schoten";"BEL"
"2271";"2223";"Schriek";"BEL"
"2272";"8700";"Schuiferskapelle";"BEL"
"2273";"3540";"Schulen";"BEL"
"2274";"5300";"Sclayn";"BEL"
"2275";"5361";"Scy";"BEL"
"2276";"5300";"Seilles";"BEL"
"2277";"6781";"S?lange";"BEL"
"2278";"6596";"Seloignes";"BEL"
"2279";"9890";"Semmerzake";"BEL"
"2280";"1009";"Senat de Belgique";"BEL"
"2281";"7180";"Seneffe";"BEL"
"2282";"6832";"Sensenruth";"BEL"
"2283";"4557";"Seny";"BEL"
"2284";"5630";"Senzeille";"BEL"
"2285";"6940";"Septon";"BEL"
"2286";"4100";"Seraing";"BEL"
"2287";"4537";"Seraing-le-Ch?teau";"BEL"
"2288";"5590";"Serinchamps";"BEL"
"2289";"9260";"Serskamp";"BEL"
"2290";"5521";"Serville";"BEL"
"2291";"6640";"Sibret";"BEL"
"2292";"6750";"Signeulx";"BEL"
"2293";"8340";"Sijsele";"BEL"
"2294";"5630";"Silenrieux";"BEL"
"2295";"7830";"Silly";"BEL"
"2296";"9112";"Sinaai-Waas";"BEL"
"2297";"5377";"Sinsin";"BEL"
"2298";"1082";"Sint-Agatha-Berchem";"BEL"
"2299";"3040";"Sint-Agatha-Rode";"BEL"
"2300";"2890";"Sint-Amands";"BEL"
"2301";"9040";"Sint-Amandsberg (Gent)";"BEL"
"2302";"8200";"Sint-Andries";"BEL"
"2303";"9550";"Sint-Antelinks";"BEL"
"2304";"8710";"Sint-Baafs-Vijve";"BEL"
"2305";"9630";"Sint-Blasius-Boekel";"BEL"
"2306";"8554";"Sint-Denijs";"BEL"
"2307";"9630";"Sint-Denijs-Boekel";"BEL"
"2308";"9051";"Sint-Denijs-Westrem";"BEL"
"2309";"8793";"Sint-Eloois-Vijve";"BEL"
"2310";"8880";"Sint-Eloois-Winkel";"BEL"
"2311";"1640";"Sint-Genesius-Rode";"BEL"
"2312";"1060";"Sint-Gillis";"BEL"
"2313";"9200";"Sint-Gillis-bij-Dendermonde";"BEL"
"2314";"9170";"Sint-Gillis-Waas";"BEL"
"2315";"9620";"Sint-Goriks-Oudenhove";"BEL"
"2316";"3730";"Sint-Huibrechts-Hern";"BEL"
"2317";"3910";"Sint-Huibrechts-Lille";"BEL"
"2318";"8600";"Sint-Jacobs-Kapelle";"BEL"
"2319";"8900";"Sint-Jan";"BEL"
"2320";"9982";"Sint-Jan-in-Eremo";"BEL"
"2321";"1080";"Sint-Jans-Molenbeek";"BEL"
"2322";"2960";"Sint-Job-in-'t-Goor";"BEL"
"2323";"1210";"Sint-Joost-ten-Node";"BEL"
"2324";"8730";"Sint-Joris (Beernem)";"BEL"
"2325";"8620";"Sint-Joris (Nieuwpoort)";"BEL"
"2326";"3051";"Sint-Joris-Weert";"BEL"
"2327";"3390";"Sint-Joris-Winge";"BEL"
"2328";"2860";"Sint-Katelijne-Waver";"BEL"
"2329";"1742";"Sint-Katherina-Lombeek";"BEL"
"2330";"9667";"Sint-Kornelis-Horebeke";"BEL"
"2331";"8310";"Sint-Kruis (Brugge)";"BEL"
"2332";"9042";"Sint-Kruis-Winkel";"BEL"
"2333";"1750";"Sint-Kwintens-Lennik";"BEL"
"2334";"3500";"Sint-Lambrechts-Herk";"BEL"
"2335";"1200";"Sint-Lambrechts-Woluwe";"BEL"
"2336";"9980";"Sint-Laureins";"BEL"
"2337";"1600";"Sint-Laureins-Berchem";"BEL"
"2338";"2960";"Sint-Lenaarts";"BEL"
"2339";"9550";"Sint-Lievens-Esse";"BEL"
"2340";"9520";"Sint-Lievens-Houtem";"BEL"
"2341";"9981";"Sint-Margriete";"BEL"
"2342";"3300";"Sint-Margriete-Houtem (Tienen)";"BEL"
"2343";"9667";"Sint-Maria-Horebeke";"BEL"
"2344";"9630";"Sint-Maria-Latem";"BEL"
"2345";"9570";"Sint-Maria-Lierde";"BEL"
"2346";"9620";"Sint-Maria-Oudenhove (Zottegem)";"BEL"
"2347";"1700";"Sint-Martens-Bodegem";"BEL"
"2348";"9830";"Sint-Martens-Latem";"BEL"
"2349";"9800";"Sint-Martens-Leerne";"BEL"
"2350";"1750";"Sint-Martens-Lennik";"BEL"
"2351";"9572";"Sint-Martens-Lierde";"BEL"
"2352";"3790";"Sint-Martens-Voeren";"BEL"
"2353";"8200";"Sint-Michiels";"BEL"
"2354";"9100";"Sint-Niklaas";"BEL"
"2355";"9170";"Sint-Pauwels";"BEL"
"2356";"1541";"Sint-Pieters-Kapelle (Bt.)";"BEL"
"2357";"8433";"Sint-Pieters-Kapelle (W.-Vl.)";"BEL"
"2358";"1600";"Sint-Pieters-Leeuw";"BEL"
"2359";"3220";"Sint-Pieters-Rode";"BEL"
"2360";"3792";"Sint-Pieters-Voeren";"BEL"
"2361";"1150";"Sint-Pieters-Woluwe";"BEL"
"2362";"8690";"Sint-Rijkers";"BEL"
"2363";"1932";"Sint-Stevens-Woluwe";"BEL"
"2364";"3800";"Sint-Truiden";"BEL"
"2365";"1700";"Sint-Ulriks-Kapelle";"BEL"
"2366";"4851";"Sippenaeken";"BEL"
"2367";"7332";"Sirault";"BEL"
"2368";"6470";"Sivry";"BEL"
"2369";"6470";"Sivry-Rance";"BEL"
"2370";"9940";"Sleidinge";"BEL"
"2371";"8433";"Slijpe";"BEL"
"2372";"4450";"Slins";"BEL"
"2373";"3700";"Sluizen";"BEL"
"2374";"9506";"Smeerebbe-Vloerzegem";"BEL"
"2375";"9340";"Smetlede";"BEL"
"2376";"6890";"Smuid";"BEL"
"2377";"8470";"Snaaskerke";"BEL"
"2378";"8490";"Snellegem";"BEL"
"2379";"1105";"SOC";"BEL"
"2380";"4557";"Soheit-Tinlot";"BEL"
"2381";"6920";"Sohier";"BEL"
"2382";"7060";"Soignies";"BEL"
"2383";"4861";"Soiron";"BEL"
"2384";"6500";"Solre-Saint-G?ry";"BEL"
"2385";"6560";"Solre-sur-Sambre";"BEL"
"2386";"5140";"Sombreffe";"BEL"
"2387";"5377";"Somme-Leuze";"BEL"
"2388";"6769";"Sommethonne";"BEL"
"2389";"5523";"Sommi?re";"BEL"
"2390";"5651";"Somz?e";"BEL"
"2391";"5340";"Sor?e";"BEL"
"2392";"5333";"Sorinne-la-Longue";"BEL"
"2393";"5503";"Sorinnes";"BEL"
"2394";"5537";"Sosoye";"BEL"
"2395";"4920";"Sougn?-Remouchamps";"BEL"
"2396";"5680";"Soulme";"BEL"
"2397";"4630";"Soumagne";"BEL"
"2398";"5630";"Soumoy";"BEL"
"2399";"4950";"Sourbrodt";"BEL"
"2400";"6182";"Souvret";"BEL"
"2401";"5590";"Sovet";"BEL"
"2402";"6997";"Soy";"BEL"
"2403";"5150";"Soye (Nam.)";"BEL"
"2404";"4900";"Spa";"BEL"
"2405";"3510";"Spalbeek";"BEL"
"2406";"8433";"Spermalie";"BEL"
"2407";"1212";"SPF Mobilit?";"BEL"
"2408";"7032";"Spiennes";"BEL"
"2409";"8587";"Spiere";"BEL"
"2410";"8587";"Spiere-Helkijn";"BEL"
"2411";"5530";"Spontin";"BEL"
"2412";"3740";"Spouwen";"BEL"
"2413";"4140";"Sprimont";"BEL"
"2414";"5190";"Spy";"BEL"
"2415";"2940";"Stabroek";"BEL"
"2416";"8840";"Staden";"BEL"
"2417";"8490";"Stalhille";"BEL"
"2418";"7973";"Stambruges";"BEL"
"2419";"5646";"Stave";"BEL"
"2420";"8691";"Stavele";"BEL"
"2421";"4970";"Stavelot";"BEL"
"2422";"9140";"Steendorp";"BEL"
"2423";"1840";"Steenhuffel";"BEL"
"2424";"9550";"Steenhuize-Wijnhuize";"BEL"
"2425";"8630";"Steenkerke (W.-Vl.)";"BEL"
"2426";"7090";"Steenkerque (Ht.)";"BEL"
"2427";"1820";"Steenokkerzeel";"BEL"
"2428";"9190";"Stekene";"BEL"
"2429";"4801";"Stembert";"BEL"
"2430";"8400";"Stene";"BEL"
"2431";"1933";"Sterrebeek";"BEL"
"2432";"3512";"Stevoort";"BEL"
"2433";"3650";"Stokkem";"BEL"
"2434";"3511";"Stokrooie";"BEL"
"2435";"4987";"Stoumont";"BEL"
"2436";"6887";"Straimont";"BEL"
"2437";"6511";"Str?e (Ht.)";"BEL"
"2438";"4577";"Str?e-lez-Huy";"BEL"
"2439";"7110";"Str?py-Bracquegnies";"BEL"
"2440";"9620";"Strijpen";"BEL"
"2441";"1760";"Strijtem";"BEL"
"2442";"1853";"Strombeek-Bever";"BEL"
"2443";"8600";"Stuivekenskerke";"BEL"
"2444";"5020";"Suarl?e";"BEL"
"2445";"5550";"Sugny";"BEL"
"2446";"5600";"Surice";"BEL"
"2447";"6812";"Suxy";"BEL"
"2448";"6661";"Tailles";"BEL"
"2449";"7618";"Taintignies";"BEL"
"2450";"5060";"Tamines";"BEL"
"2451";"5651";"Tarcienne";"BEL"
"2452";"4163";"Tavier";"BEL"
"2453";"5310";"Taviers (Nam.)";"BEL"
"2454";"6662";"Tavigny";"BEL"
"2455";"6927";"Tellin";"BEL"
"2456";"7520";"Templeuve";"BEL"
"2457";"5020";"Temploux";"BEL"
"2458";"9140";"Temse";"BEL"
"2459";"6970";"Tenneville";"BEL"
"2460";"1790";"Teralfene";"BEL"
"2461";"2840";"Terhagen";"BEL"
"2462";"6813";"Termes";"BEL"
"2463";"1740";"Ternat";"BEL"
"2464";"7333";"Tertre";"BEL"
"2465";"3080";"Tervuren";"BEL"
"2466";"4560";"Terwagne";"BEL"
"2467";"3980";"Tessenderlo";"BEL"
"2468";"3272";"Testelt";"BEL"
"2469";"3793";"Teuven";"BEL"
"2470";"4910";"Theux";"BEL"
"2471";"6717";"Thiaumont";"BEL"
"2472";"7070";"Thieu";"BEL"
"2473";"7901";"Thieulain";"BEL"
"2474";"7061";"Thieusies";"BEL"
"2475";"6230";"Thim?on";"BEL"
"2476";"4890";"Thimister";"BEL"
"2477";"4890";"Thimister-Clermont";"BEL"
"2478";"7533";"Thimougies";"BEL"
"2479";"1402";"Thines";"BEL"
"2480";"6500";"Thirimont";"BEL"
"2481";"4280";"Thisnes";"BEL"
"2482";"4791";"Thommen";"BEL"
"2483";"5300";"Thon";"BEL"
"2484";"1360";"Thorembais-les-B?guines";"BEL"
"2485";"1360";"Thorembais-Saint-Trond";"BEL"
"2486";"7830";"Thoricourt";"BEL"
"2487";"6536";"Thuillies";"BEL"
"2488";"6530";"Thuin";"BEL"
"2489";"7350";"Thulin";"BEL"
"2490";"7971";"Thumaide";"BEL"
"2491";"5621";"Thy-le-Bauduin";"BEL"
"2492";"5651";"Thy-le-Ch?teau";"BEL"
"2493";"5502";"Thynes";"BEL"
"2494";"4367";"Thys";"BEL"
"2495";"8573";"Tiegem";"BEL"
"2496";"2460";"Tielen";"BEL"
"2497";"9140";"Tielrode";"BEL"
"2498";"8700";"Tielt";"BEL"
"2499";"3390";"Tielt (Bt.)";"BEL"
"2500";"3390";"Tielt-Winge";"BEL"
"2501";"3300";"Tienen";"BEL"
"2502";"4630";"Tign?e";"BEL"
"2503";"4500";"Tihange";"BEL"
"2504";"3150";"Tildonk";"BEL"
"2505";"4130";"Tilff";"BEL"
"2506";"6680";"Tillet";"BEL"
"2507";"4420";"Tilleur";"BEL"
"2508";"5380";"Tillier";"BEL"
"2509";"1495";"Tilly";"BEL"
"2510";"4557";"Tinlot";"BEL"
"2511";"6637";"Tintange";"BEL"
"2512";"6730";"Tintigny";"BEL"
"2513";"2830";"Tisselt";"BEL"
"2514";"6700";"Toernich";"BEL"
"2515";"6941";"Tohogne";"BEL"
"2516";"1570";"Tollembeek";"BEL"
"2517";"3700";"Tongeren";"BEL"
"2518";"2260";"Tongerlo (Antw.)";"BEL"
"2519";"3960";"Tongerlo (Limb.)";"BEL"
"2520";"7951";"Tongre-Notre-Dame";"BEL"
"2521";"7950";"Tongre-Saint-Martin";"BEL"
"2522";"5140";"Tongrinne";"BEL"
"2523";"6717";"Tontelange";"BEL"
"2524";"6767";"Torgny";"BEL"
"2525";"8820";"Torhout";"BEL"
"2526";"4263";"Tourinne (Lg.)";"BEL"
"2527";"1320";"Tourinnes-la-Grosse";"BEL"
"2528";"1457";"Tourinnes-Saint-Lambert";"BEL"
"2529";"7500";"Tournai";"BEL"
"2530";"6840";"Tournay";"BEL"
"2531";"7904";"Tourpes";"BEL"
"2532";"6890";"Transinne";"BEL"
"2533";"6183";"Trazegnies";"BEL"
"2534";"5670";"Treignes";"BEL"
"2535";"4670";"Trembleur";"BEL"
"2536";"3120";"Tremelo";"BEL"
"2537";"7100";"Trivi?res";"BEL"
"2538";"4280";"Trogn?e";"BEL"
"2539";"4980";"Trois-Ponts";"BEL"
"2540";"4870";"Trooz";"BEL"
"2541";"1480";"Tubize";"BEL"
"2542";"2300";"Turnhout";"BEL"
"2543";"1049";"U.E.-Commission";"BEL"
"2544";"1048";"U.E.-Conseil";"BEL"
"2545";"1180";"Uccle";"BEL"
"2546";"6833";"Ucimont";"BEL"
"2547";"3631";"Uikhoven";"BEL"
"2548";"9290";"Uitbergen";"BEL"
"2549";"8370";"Uitkerke";"BEL"
"2550";"1180";"Ukkel";"BEL"
"2551";"3832";"Ulbeek";"BEL"
"2552";"5310";"Upigny";"BEL"
"2553";"9910";"Ursel";"BEL"
"2554";"3054";"Vaalbeek";"BEL"
"2555";"3770";"Val-Meer";"BEL"
"2556";"6741";"Vance";"BEL"
"2557";"2431";"Varendonk";"BEL"
"2558";"8490";"Varsenare";"BEL"
"2559";"5680";"Vaucelles";"BEL"
"2560";"7536";"Vaulx (Tournai)";"BEL"
"2561";"6462";"Vaulx-lez-Chimay";"BEL"
"2562";"6960";"Vaux-Chavanne";"BEL"
"2563";"4530";"Vaux-et-Borset";"BEL"
"2564";"6640";"Vaux-lez-Rosi?res";"BEL"
"2565";"4051";"Vaux-sous-Ch?vremont";"BEL"
"2566";"6640";"Vaux-sur-Sure";"BEL"
"2567";"3870";"Vechmaal";"BEL"
"2568";"5020";"Vedrin";"BEL"
"2569";"2431";"Veerle";"BEL"
"2570";"7760";"Velaines";"BEL"
"2571";"5060";"Velaine-sur-Sambre";"BEL"
"2572";"8210";"Veldegem";"BEL"
"2573";"3620";"Veldwezelt";"BEL"
"2574";"7120";"Vellereille-les-Brayeux";"BEL"
"2575";"7120";"Vellereille-le-Sec";"BEL"
"2576";"3806";"Velm";"BEL"
"2577";"4460";"Velroux";"BEL"
"2578";"3020";"Veltem-Beisem";"BEL"
"2579";"9620";"Velzeke-Ruddershove";"BEL"
"2580";"5575";"Vencimont";"BEL"
"2581";"1005";"Ver.Verg.Gemeensch.Gemeensch.Comm.";"BEL"
"2582";"6440";"Vergnies";"BEL"
"2583";"4537";"Verlaine";"BEL"
"2584";"5370";"Verl?e";"BEL"
"2585";"9130";"Verrebroek";"BEL"
"2586";"3370";"Vertrijk";"BEL"
"2587";"4800";"Verviers";"BEL"
"2588";"6870";"Vesqueville";"BEL"
"2589";"3870";"Veulen";"BEL"
"2590";"8630";"Veurne";"BEL"
"2591";"5300";"Vezin";"BEL"
"2592";"7538";"Vezon";"BEL"
"2593";"9500";"Viane";"BEL"
"2594";"8570";"Vichte";"BEL"
"2595";"6690";"Vielsalm";"BEL"
"2596";"4317";"Viemme";"BEL"
"2597";"2240";"Viersel";"BEL"
"2598";"4577";"Vierset-Barse";"BEL"
"2599";"5670";"Vierves-sur-Viroin";"BEL"
"2600";"6230";"Viesville";"BEL"
"2601";"1472";"Vieux-Genappe";"BEL"
"2602";"4190";"Vieuxville";"BEL"
"2603";"4530";"Vieux-Waleffe";"BEL"
"2604";"6890";"Villance";"BEL"
"2605";"4260";"Ville-en-Hesbaye";"BEL"
"2606";"7322";"Ville-Pommeroeul";"BEL"
"2607";"7334";"Villerot";"BEL"
"2608";"4161";"Villers-aux-Tours";"BEL"
"2609";"5630";"Villers-Deux-Eglises";"BEL"
"2610";"6823";"Villers-Devant-Orval";"BEL"
"2611";"5600";"Villers-en-Fagne";"BEL"
"2612";"6600";"Villers-la-Bonne-Eau";"BEL"
"2613";"6769";"Villers-la-Loue";"BEL"
"2614";"6460";"Villers-la-Tour";"BEL"
"2615";"1495";"Villers-la-Ville";"BEL"
"2616";"4530";"Villers-le-Bouillet";"BEL"
"2617";"5600";"Villers-le-Gambon";"BEL"
"2618";"4280";"Villers-le-Peuplier";"BEL"
"2619";"4550";"Villers-le-Temple";"BEL"
"2620";"4340";"Villers-l'Ev?que";"BEL"
"2621";"5080";"Villers-lez-Heest";"BEL"
"2622";"7812";"Villers-Notre-Dame";"BEL"
"2623";"6210";"Villers-Perwin";"BEL"
"2624";"6280";"Villers-Poterie";"BEL"
"2625";"7812";"Villers-Saint-Amand";"BEL"
"2626";"6941";"Villers-Sainte-Gertrude";"BEL"
"2627";"7031";"Villers-Saint-Ghislain";"BEL"
"2628";"4453";"Villers-Saint-Sim?on";"BEL"
"2629";"5580";"Villers-sur-Lesse";"BEL"
"2630";"6740";"Villers-sur-Semois";"BEL"
"2631";"7070";"Ville-sur-Haine (Le Roeulx)";"BEL"
"2632";"1800";"Vilvoorde";"BEL"
"2633";"4520";"Vinalmont";"BEL"
"2634";"9921";"Vinderhoute";"BEL"
"2635";"8630";"Vinkem";"BEL"
"2636";"9800";"Vinkt";"BEL"
"2637";"6461";"Virelles";"BEL"
"2638";"1460";"Virginal-Samme";"BEL"
"2639";"5670";"Viroinval";"BEL"
"2640";"6760";"Virton";"BEL"
"2641";"4600";"Vis?";"BEL"
"2642";"3300";"Vissenaken";"BEL"
"2643";"5070";"Vitrival";"BEL"
"2644";"4683";"Vivegnis";"BEL"
"2645";"6833";"Vivy";"BEL"
"2646";"1011";"Vlaamse Raad - Vlaams Parlement";"BEL"
"2647";"8600";"Vladslo";"BEL"
"2648";"8908";"Vlamertinge";"BEL"
"2649";"9420";"Vlekkem";"BEL"
"2650";"8640";"Vleteren";"BEL"
"2651";"1602";"Vlezenbeek";"BEL"
"2652";"3724";"Vliermaal";"BEL"
"2653";"3721";"Vliermaalroot";"BEL"
"2654";"9520";"Vlierzele";"BEL"
"2655";"3770";"Vlijtingen";"BEL"
"2656";"2340";"Vlimmeren";"BEL"
"2657";"8421";"Vlissegem";"BEL"
"2658";"7880";"Vloesberg";"BEL"
"2659";"5600";"Vodec?e";"BEL"
"2660";"5680";"Vodel?e";"BEL"
"2661";"3790";"Voeren";"BEL"
"2662";"5650";"Vogen?e";"BEL"
"2663";"9700";"Volkegem";"BEL"
"2664";"1570";"Vollezele";"BEL"
"2665";"5570";"Von?che";"BEL"
"2666";"9400";"Voorde";"BEL"
"2667";"8902";"Voormezele";"BEL"
"2668";"3840";"Voort";"BEL"
"2669";"4347";"Voroux-Goreux";"BEL"
"2670";"4451";"Voroux-lez-Liers";"BEL"
"2671";"2290";"Vorselaar";"BEL"
"2672";"3890";"Vorsen";"BEL"
"2673";"1190";"Vorst";"BEL"
"2674";"2430";"Vorst (Kempen)";"BEL"
"2675";"2350";"Vosselaar";"BEL"
"2676";"9850";"Vosselare";"BEL"
"2677";"3080";"Vossem";"BEL"
"2678";"4041";"Vottem";"BEL"
"2679";"9120";"Vrasene";"BEL"
"2680";"2531";"Vremde";"BEL"
"2681";"3700";"Vreren";"BEL"
"2682";"5550";"Vresse-sur-Semois";"BEL"
"2683";"3770";"Vroenhoven";"BEL"
"2684";"1043";"VRT";"BEL"
"2685";"1818";"VTM";"BEL"
"2686";"3630";"Vucht";"BEL"
"2687";"9890";"Vurste";"BEL"
"2688";"4570";"Vyle-et-Tharoul";"BEL"
"2689";"3473";"Waanrode";"BEL"
"2690";"9506";"Waarbeke";"BEL"
"2691";"8020";"Waardamme";"BEL"
"2692";"2550";"Waarloos";"BEL"
"2693";"8581";"Waarmaarde";"BEL"
"2694";"9950";"Waarschoot";"BEL"
"2695";"3401";"Waasmont";"BEL"
"2696";"9250";"Waasmunster";"BEL"
"2697";"7784";"Waasten";"BEL"
"2698";"9185";"Wachtebeke";"BEL"
"2699";"7971";"Wadelincourt";"BEL"
"2700";"6223";"Wagnel?e";"BEL"
"2701";"6900";"Waha";"BEL"
"2702";"5377";"Waillet";"BEL"
"2703";"4950";"Waimes";"BEL"
"2704";"8720";"Wakken";"BEL"
"2705";"5650";"Walcourt";"BEL"
"2706";"2800";"Walem";"BEL"
"2707";"1457";"Walhain";"BEL"
"2708";"1457";"Walhain-Saint-Paul";"BEL"
"2709";"4711";"Walhorn";"BEL"
"2710";"3401";"Walsbets";"BEL"
"2711";"3401";"Walshoutem";"BEL"
"2712";"3740";"Waltwilder";"BEL"
"2713";"1741";"Wambeek";"BEL"
"2714";"5570";"Wancennes";"BEL"
"2715";"4020";"Wandre";"BEL"
"2716";"6224";"Wanferc?e-Baulet";"BEL"
"2717";"3400";"Wange";"BEL"
"2718";"6220";"Wangenies";"BEL"
"2719";"5564";"Wanlin";"BEL"
"2720";"4980";"Wanne";"BEL"
"2721";"7861";"Wannebecq";"BEL"
"2722";"9772";"Wannegem-Lede";"BEL"
"2723";"4280";"Wansin";"BEL"
"2724";"4520";"Wanze";"BEL"
"2725";"9340";"Wanzele";"BEL"
"2726";"7548";"Warchin";"BEL"
"2727";"7740";"Warcoing";"BEL"
"2728";"6600";"Wardin";"BEL"
"2729";"8790";"Waregem";"BEL"
"2730";"4300";"Waremme";"BEL"
"2731";"5310";"Waret-la-Chauss?e";"BEL"
"2732";"4217";"Waret-l'Ev?que";"BEL"
"2733";"5080";"Warisoulx";"BEL"
"2734";"5537";"Warnant";"BEL"
"2735";"4530";"Warnant-Dreye";"BEL"
"2736";"7784";"Warneton";"BEL"
"2737";"7340";"Warquignies";"BEL"
"2738";"4608";"Warsage";"BEL"
"2739";"4590";"Warz?e";"BEL"
"2740";"7340";"Wasmes";"BEL"
"2741";"7604";"Wasmes-Audemez-Briffoeil";"BEL"
"2742";"7390";"Wasmuel";"BEL"
"2743";"4219";"Wasseiges";"BEL"
"2744";"9988";"Waterland-Oudeman";"BEL"
"2745";"1410";"Waterloo";"BEL"
"2746";"1170";"Watermaal-Bosvoorde";"BEL"
"2747";"1170";"Watermael-Boitsfort";"BEL"
"2748";"9988";"Watervliet";"BEL"
"2749";"8978";"Watou";"BEL"
"2750";"7910";"Wattripont";"BEL"
"2751";"7131";"Waudrez";"BEL"
"2752";"5540";"Waulsort";"BEL"
"2753";"1440";"Wauthier-Braine";"BEL"
"2754";"1300";"Wavre";"BEL"
"2755";"5580";"Wavreille";"BEL"
"2756";"6210";"Wayaux";"BEL"
"2757";"1474";"Ways";"BEL"
"2758";"3290";"Webbekom";"BEL"
"2759";"2275";"Wechelderzande";"BEL"
"2760";"2381";"Weelde";"BEL"
"2761";"1982";"Weerde";"BEL"
"2762";"2880";"Weert";"BEL"
"2763";"4860";"Wegnez";"BEL"
"2764";"5523";"Weillen";"BEL"
"2765";"4950";"Weismes";"BEL"
"2766";"9700";"Welden";"BEL"
"2767";"4840";"Welkenraedt";"BEL"
"2768";"9473";"Welle";"BEL"
"2769";"3830";"Wellen";"BEL"
"2770";"6920";"Wellin";"BEL"
"2771";"1780";"Wemmel";"BEL"
"2772";"8420";"Wenduine";"BEL"
"2773";"5100";"W?pion";"BEL"
"2774";"4190";"Werbomont";"BEL"
"2775";"3118";"Werchter";"BEL"
"2776";"6940";"W?ris";"BEL"
"2777";"8610";"Werken";"BEL"
"2778";"3730";"Werm";"BEL"
"2779";"8940";"Wervik";"BEL"
"2780";"3150";"Wespelaar";"BEL"
"2781";"8434";"Westende";"BEL"
"2782";"2260";"Westerlo";"BEL"
"2783";"8300";"Westkapelle";"BEL"
"2784";"8460";"Westkerke";"BEL"
"2785";"2390";"Westmalle";"BEL"
"2786";"2235";"Westmeerbeek";"BEL"
"2787";"8954";"Westouter";"BEL"
"2788";"9230";"Westrem";"BEL"
"2789";"8840";"Westrozebeke";"BEL"
"2790";"8640";"Westvleteren";"BEL"
"2791";"9230";"Wetteren";"BEL"
"2792";"8560";"Wevelgem";"BEL"
"2793";"3111";"Wezemaal";"BEL"
"2794";"1970";"Wezembeek-Oppem";"BEL"
"2795";"3401";"Wezeren";"BEL"
"2796";"7620";"Wez-Velvain";"BEL"
"2797";"6666";"Wibrin";"BEL"
"2798";"9260";"Wichelen";"BEL"
"2799";"3700";"Widooie (Haren)";"BEL"
"2800";"2222";"Wiekevorst";"BEL"
"2801";"8710";"Wielsbeke";"BEL"
"2802";"5100";"Wierde";"BEL"
"2803";"7608";"Wiers";"BEL"
"2804";"5571";"Wiesme";"BEL"
"2805";"9280";"Wieze";"BEL"
"2806";"7370";"Wih?ries";"BEL"
"2807";"4452";"Wihogne";"BEL"
"2808";"3990";"Wijchmaal";"BEL"
"2809";"3850";"Wijer";"BEL"
"2810";"3018";"Wijgmaal (Brabant)";"BEL"
"2811";"2110";"Wijnegem";"BEL"
"2812";"3670";"Wijshagen";"BEL"
"2813";"8953";"Wijtschate";"BEL"
"2814";"3803";"Wilderen";"BEL"
"2815";"7904";"Willaupuis";"BEL"
"2816";"3370";"Willebringen";"BEL"
"2817";"2830";"Willebroek";"BEL"
"2818";"7506";"Willemeau";"BEL"
"2819";"5575";"Willerzie";"BEL"
"2820";"2610";"Wilrijk (Antwerpen)";"BEL"
"2821";"3012";"Wilsele";"BEL"
"2822";"8431";"Wilskerke";"BEL"
"2823";"3501";"Wimmertingen";"BEL"
"2824";"5570";"Winenne";"BEL"
"2825";"8750";"Wingene";"BEL"
"2826";"3020";"Winksele";"BEL"
"2827";"3722";"Wintershoven";"BEL"
"2828";"6860";"Witry";"BEL"
"2829";"7890";"Wodecq";"BEL"
"2830";"8640";"Woesten";"BEL"
"2831";"6780";"Wolkrange";"BEL"
"2832";"1200";"Woluwe-Saint-Lambert";"BEL"
"2833";"1150";"Woluwe-Saint-Pierre";"BEL"
"2834";"1861";"Wolvertem";"BEL"
"2835";"2160";"Wommelgem";"BEL"
"2836";"3350";"Wommersom";"BEL"
"2837";"4690";"Wonck";"BEL"
"2838";"9032";"Wondelgem";"BEL"
"2839";"9800";"Wontergem";"BEL"
"2840";"9790";"Wortegem";"BEL"
"2841";"9790";"Wortegem-Petegem";"BEL"
"2842";"2323";"Wortel";"BEL"
"2843";"9550";"Woubrechtegem";"BEL"
"2844";"8600";"Woumen";"BEL"
"2845";"8670";"Wulpen";"BEL"
"2846";"8952";"Wulvergem";"BEL"
"2847";"8630";"Wulveringem";"BEL"
"2848";"2990";"Wuustwezel";"BEL"
"2849";"4652";"Xhendelesse";"BEL"
"2850";"4432";"Xhendremael";"BEL"
"2851";"4190";"Xhoris";"BEL"
"2852";"4550";"Yern?e-Fraineux";"BEL"
"2853";"5650";"Yves-Gomez?e";"BEL"
"2854";"5530";"Yvoir";"BEL"
"2855";"9080";"Zaffelare";"BEL"
"2856";"9506";"Zandbergen";"BEL"
"2857";"8680";"Zande";"BEL"
"2858";"2240";"Zandhoven";"BEL"
"2859";"2040";"Zandvliet";"BEL"
"2860";"8400";"Zandvoorde (Oostende)";"BEL"
"2861";"8980";"Zandvoorde (Zonnebeke)";"BEL"
"2862";"9500";"Zarlardinge";"BEL"
"2863";"8610";"Zarren";"BEL"
"2864";"1930";"Zaventem";"BEL"
"2865";"8210";"Zedelgem";"BEL"
"2866";"8380";"Zeebrugge (Brugge)";"BEL"
"2867";"9660";"Zegelsem";"BEL"
"2868";"9240";"Zele";"BEL"
"2869";"3545";"Zelem";"BEL"
"2870";"1731";"Zellik";"BEL"
"2871";"9060";"Zelzate";"BEL"
"2872";"1980";"Zemst";"BEL"
"2873";"3800";"Zepperen";"BEL"
"2874";"8490";"Zerkegem";"BEL"
"2875";"1370";"Z?trud-Lumay";"BEL"
"2876";"8470";"Zevekote";"BEL"
"2877";"9080";"Zeveneken";"BEL"
"2878";"9800";"Zeveren";"BEL"
"2879";"9840";"Zevergem";"BEL"
"2880";"3271";"Zichem";"BEL"
"2881";"3770";"Zichen-Zussen-Bolder";"BEL"
"2882";"8902";"Zillebeke";"BEL"
"2883";"9750";"Zingem";"BEL"
"2884";"2260";"Zoerle-Parwijs";"BEL"
"2885";"2980";"Zoersel";"BEL"
"2886";"3550";"Zolder";"BEL"
"2887";"9930";"Zomergem";"BEL"
"2888";"3520";"Zonhoven";"BEL"
"2889";"8980";"Zonnebeke";"BEL"
"2890";"9520";"Zonnegem";"BEL"
"2891";"9620";"Zottegem";"BEL"
"2892";"8630";"Zoutenaaie";"BEL"
"2893";"3440";"Zoutleeuw";"BEL"
"2894";"8904";"Zuidschote";"BEL"
"2895";"8377";"Zuienkerke";"BEL"
"2896";"9870";"Zulte";"BEL"
"2897";"9690";"Zulzeke";"BEL"
"2898";"3690";"Zutendaal";"BEL"
"2899";"9630";"Zwalm";"BEL"
"2900";"8550";"Zwevegem";"BEL"
"2901";"8750";"Zwevezele";"BEL"
"2902";"9052";"Zwijnaarde";"BEL"
"2903";"2070";"Zwijndrecht";"BEL"
